Verb,Frequency
说,61118
进行,32627
有,32468
表示,8536
产生,7641
感到,6428
没有,5790
作,4986
提出,4819
做,4606
是,4211
说道,3767
作出,3712
造成,3453
实行,3435
讲,3331
笑,3161
采取,3025
负责,2843
起,2836
充满,2585
说话,2498
了解,2154
有着,1922
抱,1919
给予,1839
没,1756
实施,1667
道,1656
具有,1642
满意,1630
做出,1583
毫无,1484
发动,1462
爱,1425
看,1418
构成,1343
无,1297
有所,1273
熟悉,1252
影响,1222
关心,1198
重视,1198
存,1084
怀,1076
形成,1068
感,1046
发生,1041
解释,1023
微笑,1016
持,922
缺乏,919
失去,899
发表,896
表现,869
予以,858
带来,825
下,819
提供,814
要求,795
开放,772
发出,767
信任,764
谈,747
好,736
负,736
展开,714
露出,704
下手,687
动武,670
保持,640
提起,630
施加,623
生,618
投,602
喊,595
认识,552
尊重,544
评价,544
提,542
加强,539
还有,511
理解,504
知道,496
寄予,496
有利,489
吼,485
尊敬,483
叫,472
怀着,472
施,469
交代,468
说明,465
隐瞒,464
不利,464
眨,461
照顾,461
使用,460
注意,451
发,446
使,445
开展,432
存在,430
重要,429
感激,425
关注,425
笑笑,423
付出,417
放心,414
动,413
负有,408
敬,401
支持,395
加以,384
承担,380
来,378
想,365
觉得,361
不满,357
研究,352
点头,344
反应,343
犯,342
喊道,340
知,338
打,335
打击,333
尽,326
佩服,322
恨,310
用,308
伸出,307
说谎,297
在意,297
死心,293
处理,293
开,291
出手,287
访问,285
动心,282
宣布,281
深感,279
迷恋,277
动手,274
怀疑,269
着迷,267
一无所知,266
望,264
具,263
发脾气,262
崇拜,261
喜欢,260
点点,258
承认,256
发起,256
加,256
厌恶,255
投入,255
不忠,253
帮助,253
热爱,249
发誓,246
发挥,238
不理不睬,236
显得,235
同情,233
有意,232
透露,231
摇头,230
变,226
耳语,226
表达,224
担心,224
厌倦,222
挥,221
抱持,221
拥有,221
行,220
调查,219
介绍,219
宽容,216
坚持,215
摆,215
言听计从,212
讲述,211
分析,211
开战,209
意味着,208
估计,207
抓,207
倾心,206
处,206
撒谎,205
喝,204
留下,203
称,201
许,200
敬重,197
客气,196
认真,196
诉说,194
投资,192
欣赏,191
问,191
体贴,189
摇摇,188
嚷,188
干,188
做到,187
问道,186
控制,186
保证,184
回答,184
吼道,183
真心,177
抱怨,175
无动于衷,175
像,171
不予,170
引起,169
增加,169
坦白,169
算,168
承诺,168
反映,168
敏感,168
赞赏,166
批评,166
看重,165
保护,165
出口,164
热情,162
执行,162
考虑,162
点点头,161
持有,161
丧失,161
观察,160
施行,160
看好,159
搞,158
开始,158
忠诚,158
征收,157
不在乎,156
倾诉,156
大,156
采用,156
开口,154
挥手,154
检查,154
摇,153
敞开,153
说说,153
发火,152
没什么,152
适应,152
疼爱,152
危害,152
追求,151
有益,151
有用,151
说实话,150
威胁,149
鞠躬,148
为,148
把握,148
领导,148
献,147
表白,147
冷淡,146
供认不讳,146
不以为然,145
皱,145
视而不见,145
报以,144
宣战,144
害怕,143
接受,143
畏惧,143
招手,141
咆哮,141
无害,141
爱护,140
行使,140
倾注,140
取得,140
陌生,140
死心塌地,139
吐,138
公平,138
下达,137
管理,137
改变,136
吼叫,136
挥挥,135
要,135
提高,134
道歉,133
渴望,133
流露,132
感觉,132
扮,131
深表,131
掌握,131
依赖,130
习惯,130
出现,129
呵护,129
期望,128
吐露,128
不服,128
瞪,127
表明,127
出,127
相信,126
反感,126
施展,125
管,125
作战,125
限制,125
听,124
骂,124
发展,124
攻击,123
厌烦,123
点,122
建立,122
清楚,121
宠爱,121
关怀,121
保密,121
敬佩,121
喜爱,120
在乎,120
伤害,120
一样,119
钦佩,118
应有,118
容忍,118
动情,118
享有,117
描述,117
注视,117
唱,116
痛恨,115
心怀,115
吩咐,114
瞧,114
满怀,113
留,113
凝视,113
感受,112
刺激,111
发现,111
放,111
规定,111
下毒手,111
打招呼,110
指责,110
开枪,109
交待,109
敬畏,109
至关重要,109
行礼,107
视,107
走,107
缺少,107
怜惜,107
安排,106
不屑一顾,106
投怀送抱,106
有害,106
了如指掌,105
到,105
提及,104
轻视,104
肯定,104
收取,104
大吼大叫,104
没用,102
多,102
爱慕,102
为期,102
嫉妒,101
温柔,101
过敏,101
指指点点,101
提到,101
期待,100
怀恨,100
实现,100
强调,99
恢复,99
敬爱,98
查处,98
监督,98
施暴,97
信赖,97
追究,96
思念,96
回忆,96
吹,96
怕,96
恐惧,96
好奇,95
制裁,95
忌惮,95
放松,95
珍惜,95
懂得,94
不屑,94
写,94
给以,94
例外,94
有效,94
崇敬,94
怒目而视,93
低语,93
贯彻,93
罚款,92
高兴,92
拒绝,92
处罚,92
教育,92
懂,91
仰慕,91
适合,91
耿耿于怀,91
起誓,90
生气,89
无效,89
发放,89
寄,89
利用,89
给,89
判断,88
继续,88
痴迷,88
苛求,88
怀念,88
不无,87
打量,86
撒娇,86
带,86
讲究,86
满足,86
一窍不通,85
施压,85
判处,85
感谢,85
称赞,85
偏爱,85
需要,85
言,85
羡慕,85
抛,84
没有用,84
干涉,84
向往,84
钟情,84
下令,83
赞美,83
关照,83
学习,83
组织,83
避,83
死,82
谅解,82
不知,81
对待,81
反对,81
留恋,81
冲,80
讨厌,80
欠,79
置之不理,79
鼓励,79
亲近,79
展露,78
开玩笑,78
关切,78
失望,78
情有独钟,78
制定,78
热衷,78
执着,78
视若无睹,77
冷笑,77
放弃,77
坐,77
苦笑,76
送,76
宣传,76
嘲笑,76
触动,76
效忠,76
比,75
准备,75
达成,75
有心,75
重复,75
不怀好意,75
设,75
孝顺,75
显示,75
赞扬,74
考察,74
推崇,74
如,74
加大,74
违反,74
感冒,74
忘情,74
求,73
觉,73
叹,73
见,73
算是,73
保留,73
改观,72
说教,72
欢迎,72
颔首,72
咧嘴,72
无益,72
眷恋,72
思考,72
收,71
立案,71
乐观,71
展现,71
起诉,70
报复,70
担忧,70
排斥,70
扬,69
没辙,69
深,69
认同,69
成,69
在,69
治疗,69
服从,69
依恋,69
记得,68
亲,68
防范,68
适用,68
推行,68
失,68
培养,68
侮辱,68
讲话,67
完成,67
理睬,67
改造,67
损害,67
提防,67
投注,67
憎恨,67
低声下气,66
批判,66
调整,66
形容,66
让,66
无意,65
抗拒,65
理会,65
念,65
指控,65
深信不疑,65
设置,65
拿,65
忽视,65
指导,65
公开,65
暗示,65
道谢,64
摸,64
恭敬,64
待,64
履行,64
获得,64
亏欠,64
回,63
撒,63
处以,63
一见钟情,63
吆喝,62
表,62
关爱,62
发怒,62
招,61
分,61
曰,61
置若罔闻,61
认为,61
确定,61
深恶痛绝,61
挑剔,61
证明,60
示意,60
示好,60
怜悯,60
器重,60
立,60
习以为常,60
爱恋,60
青睐,60
赞同,59
不足,59
表露,59
鞠,59
述说,59
惧怕,59
管教,59
解决,59
报道,58
怨恨,58
充耳不闻,58
选择,58
询问,58
装,58
设限,58
参与,58
占领,58
喊叫,58
眨眼,57
宠爱有加,57
挤出,57
嗤之以鼻,57
反,57
贡献,57
破坏,57
议论,57
叙述,57
不以为意,56
介意,56
倾吐,56
顺从,56
挑战,56
改,56
吃,56
寄托,56
出售,56
惩罚,55
跪,55
赞不绝口,55
落实,55
怜爱,55
蔑视,55
无所谓,55
下毒,54
招呼,54
叮咛,54
描写,54
报,54
冲击,54
赞赏有加,54
达到,54
关闭,54
援助,54
释怀,54
讲讲,53
达,53
办,53
忠心耿耿,53
热心,53
另眼相看,53
举起,53
耍,53
扫,53
指出,53
拉动,53
屈服,53
翻,52
踢,52
发问,52
封锁,52
起疑,52
疏远,52
谈论,52
致命,52
想念,52
服气,52
所谓,52
一往情深,52
误会,52
毫无办法,51
发布,51
后悔,51
宣告,51
漠不关心,51
失礼,51
拜,51
丢,51
诉,51
迁就,51
留意,51
叮嘱,51
希望,51
收费,51
售,51
留情,51
纵容,51
直说,51
自信,51
盯,50
不解,50
敬仰,50
占有,50
指,50
转,50
钟爱,50
进入,50
维护,50
鄙夷,50
宣称,50
增资,50
举行,50
怀恨在心,50
记忆犹新,50
感恩,50
挤,49
会,49
不同,49
轻蔑,49
否定,49
睁,49
开发,49
办理,49
玩,49
掉以轻心,49
扶持,49
扑,49
亲切,49
哭,49
惊讶,48
警告,48
鄙视,48
感激涕零,48
启发,48
愤怒,48
增,48
发泄,48
支援,48
拒,48
看待,48
明白,48
追,48
精通,48
认可,48
心动,48
工作,48
残忍,47
毫不在乎,47
憎恶,47
鼓舞,47
学,47
成为,47
诉苦,47
具备,47
进攻,47
促进,47
放开,47
恭维,47
放宽,47
绽开,47
诅咒,47
描绘,47
嚷嚷,46
动用,46
挑,46
拱手,46
竖起,46
好事,46
高,46
不闻不问,46
存疑,46
倾倒,46
揖,46
合适,46
得到,46
一视同仁,46
知情,46
符合,46
许诺,46
明确,46
拍,46
溺爱,46
干什么,45
怒吼,45
致,45
亲热,45
低头,45
仇恨,45
上瘾,45
涉及,45
引导,45
外行,45
心,45
规范,45
投降,45
仁慈,45
扮鬼脸,45
垂青,45
唠叨,45
射,44
摆摆,44
伸,44
皱皱,44
吸引,44
反抗,44
增强,44
干预,44
找,44
取,44
定,44
嘱咐,44
皱眉,44
友好,44
绽,43
专注,43
取消,43
倾慕,43
恨之入骨,43
袭击,43
推动,43
歧视,43
不,43
优待,43
预期,43
安慰,43
赏识,43
露齿,42
处置,42
不错,42
公布,42
严格,42
赞许,42
严厉,42
顾忌,42
贸易,42
评估,42
处于,42
恼火,42
运用,42
警惕,42
制约,42
侵略,42
受到,42
嘀咕,41
申请,41
发牢骚,41
讲解,41
恼怒,41
帮,41
斗争,41
致以,41
把关,41
这样,41
参加,41
补充,41
穿,41
感动,41
灌输,40
小心,40
谴责,40
予,40
熟,40
奖励,40
照,40
适宜,40
刮目相看,40
隐藏,40
作为,40
直言,39
无情,39
加快,39
挤挤,39
采访,39
友善,39
颁发,39
审查,39
减少,39
占,39
行动,39
追逐,39
抗议,39
心疼,39
定位,39
监视,39
让步,39
示爱,39
爱怜,39
献殷勤,39
举,38
服务,38
放下,38
放手,38
轰炸,38
惩处,38
评论,38
设立,38
考核,38
总结,38
忧虑,38
增添,38
哭诉,38
露,38
少,37
亮,37
闻,37
飞,37
爱惜,37
判决,37
带有,37
视为,37
兴起,37
奉献,37
从事,37
挥舞,37
不起,37
忍让,37
呼唤,37
企图,37
冷漠,37
质疑,37
防备,37
毫无用处,37
犯规,37
流,36
看看,36
理,36
逼,36
涌,36
忍受,36
推出,36
入侵,36
维持,36
补偿,36
傻笑,36
挑衅,36
必要,36
升起,36
有恩,36
有意思,36
教,35
责备,35
躬身,35
回报,35
陪,35
喷,35
生疑,35
决定,35
弄,35
谈谈,35
讨论,35
泼,35
跟踪,35
监管,35
嘲弄,35
紧张,35
击,35
守,35
杀,35
发作,35
巴结,35
包围,35
激赏,34
耸耸,34
忘怀,34
瞅,34
上,34
喊话,34
指手划脚,34
否认,34
扩大,34
吃惊,34
刁难,34
叫喊,34
磕头,34
热络,34
令,34
生产,34
掩饰,34
尽忠,34
花,34
够,34
忘,34
信服,34
服,34
报答,34
萌生,34
咧,34
嫌恶,34
审判,34
有把握,34
忠实,34
可以,33
发射,33
去,33
自称,33
侵犯,33
敌视,33
创造,33
超过,33
宣誓,33
不好,33
受,33
认定,33
同意,33
支付,33
无心,33
腻,33
坦承,32
扯,32
无知,32
叹息,32
表态,32
刺,32
疏,32
忠心,32
回应,32
通过,32
确认,32
查,32
接触,32
抓紧,32
寄望,32
无用,32
百依百顺,32
端详,32
熟视无睹,32
足够,32
哼,32
涉嫌,32
接近,32
过,31
放在,31
嘲讽,31
跑,31
忠,31
愿意,31
停止,31
怎么办,31
磕,31
极大,31
展示,31
炫耀,31
惧,31
呼,31
整治,31
友爱,31
需,31
降低,31
约束,31
危险,31
发给,31
探索,31
残酷,31
制止,31
富有,31
合作,31
瞥,31
妥协,31
证实,31
无能为力,31
免疫,31
瞒,31
奉行,31
追加,31
看管,31
殷勤,31
告诫,30
象,30
抱歉,30
免,30
尖叫,30
显出,30
礼让,30
折磨,30
垂涎,30
制造,30
重大,30
变心,30
患,30
超越,30
赋予,30
开火,30
疼爱有加,30
念念不忘,30
注重,30
提醒,30
关,30
变成,30
无礼,30
拉,30
夸奖,30
失信,30
埋怨,30
赞叹,30
冒,29
纠缠不休,29
瞟,29
下功夫,29
试行,29
哀求,29
递,29
计较,29
说来,29
摇摇头,29
看不惯,29
修改,29
深入,29
取缔,29
联系,29
狠,29
呈,29
认知,29
盘问,29
培训,29
怎样,29
前来,29
读,29
购买,29
立誓,29
推,29
歌颂,29
忍耐,29
苛刻,29
放任,29
判,29
宣判,29
催眠,29
想像,29
漾,28
张开,28
无可奈何,28
景仰,28
巨大,28
礼遇,28
称呼,28
示,28
缅怀,28
不顾,28
敬而远之,28
减免,28
征税,28
积极,28
解说,28
介入,28
撤,28
唤,28
体会,28
过问,28
孝敬,28
灌,28
思,28
宝贵,28
忽略,28
痛苦,28
笑脸相迎,28
得意,28
反思,28
抛媚眼,27
眨眨眼,27
忍,27
增长,27
呵护备至,27
采,27
抨击,27
应,27
审理,27
审讯,27
深怀,27
补,27
传达,27
仇视,27
入,27
包括,27
谎称,27
吻,27
属,27
致意,27
转变,27
在行,27
设防,27
气愤,27
忏悔,27
放过,27
震动,27
怀有,27
眷顾,27
疼,26
谨慎,26
搂,26
砍,26
断,26
严加,26
惊,26
批准,26
派,26
气,26
戒备,26
怠慢,26
施用,26
抓住,26
抱拳,26
期盼,26
反击,26
邀请,26
交换,26
渴求,26
免费,26
体现,26
解除,26
了然,26
信,26
招待,26
瞧不起,26
无所,26
骚扰,26
舍,26
忌讳,26
下杀手,26
抗击,26
祝福,26
做爱,26
胜,26
特别,26
动之以情,25
叫嚷,25
注入,25
耸,25
含,25
觊觎,25
举杯,25
绝,25
倾,25
泄露,25
兴奋,25
看来,25
围困,25
恳求,25
敲,25
检测,25
改善,25
怜,25
束手无策,25
损伤,25
考验,25
停,25
宽恕,25
能,25
意外,25
完善,25
方便,25
热中,25
得出,25
伤,25
明,25
推荐,25
祈祷,25
凝望,25
下跪,25
施舍,24
唱歌,24
许愿,24
属于,24
攻,24
敬礼,24
怒目相向,24
公正,24
压,24
造,24
细说,24
兴趣,24
膜拜,24
拜访,24
坦言,24
引进,24
结束,24
改革,24
赞成,24
编,24
进,24
计提,24
接待,24
叫嚣,24
审视,24
站,24
提议,24
训话,24
索取,24
假,24
塑造,24
空袭,24
奉承,24
破,24
憧憬,24
宠,24
拍照,24
珍视,24
真诚,24
深刻,24
死缠烂打,24
真,24
青睐有加,24
兴师问罪,23
纠缠,23
闪,23
布置,23
打算,23
大喊,23
不予置评,23
管束,23
跪下,23
礼貌,23
深化,23
讨好,23
诚实,23
重,23
慎重,23
挖掘,23
销售,23
发难,23
有功,23
安全,23
强烈,23
消毒,23
加深,23
供应,23
争取,23
避而远之,23
清理,23
诠释,23
建议,23
敢,23
设定,23
含笑,23
住,23
以,23
建设,23
直呼,23
阐述,23
狂吠,23
当,23
爱护备至,23
预测,23
施予,23
包容,23
命令,23
投射,23
指点,23
扮演,23
绝望,23
动怒,23
讽刺,23
认,22
晃,22
抵抗,22
好感,22
狂热,22
冷落,22
审核,22
拥护,22
谈话,22
记恨,22
帮忙,22
不耐烦,22
用兵,22
姑息,22
藏,22
看到,22
制订,22
加入,22
推进,22
复仇,22
训练,22
出具,22
碰,22
纠正,22
换,22
瞪眼,22
张望,22
无限,22
应付,22
低,22
树立,22
镇压,22
称为,22
经营,22
炒作,22
加工,22
夸,22
披露,22
征,22
逃避,22
值得,22
仁至义尽,22
如同,22
明说,22
宠溺,22
预言,22
吐吐,22
怎么样,22
猜忌,22
放纵,22
奇怪,22
统治,22
吹嘘,22
求婚,21
坏,21
劈,21
发话,21
怒,21
爱戴,21
无异,21
宣扬,21
睬,21
仰,21
背叛,21
大有裨益,21
传,21
打开,21
凶,21
比赛,21
集中,21
以为,21
爆发,21
重申,21
扣,21
一见锺情,21
内行,21
手软,21
修正,21
感叹,21
满,21
答应,21
领会,21
交,21
开刀,21
诊断,21
请,21
突破,21
挂,21
吸收,21
燃起,21
避之唯恐不及,21
消化,21
干扰,21
记,21
呼喊,21
界定,21
征服,21
有如,21
质问,21
献身,21
叙说,21
误解,21
弯,21
见外,21
发飙,20
概括,20
使坏,20
涉猎,20
呐喊,20
设计,20
谢,20
面临,20
抬,20
添,20
原有,20
答复,20
致歉,20
开启,20
有求必应,20
闭,20
对,20
门外汉,20
新,20
防,20
妨碍,20
如何,20
为主,20
改进,20
无视,20
报告,20
提倡,20
结合,20
斥责,20
发呆,20
控诉,20
绽放,20
反驳,20
咬,20
监控,20
拷打,20
瞄准,20
疏离,20
洗,20
敷衍,20
出台,20
掏,20
致敬,20
浑然不觉,20
愤慨,20
允诺,20
照料,20
震惊,20
情有独锺,20
赞誉,20
责怪,20
安,20
猜疑,20
应对,19
半信半疑,19
配合,19
劝说,19
声称,19
训斥,19
扔,19
陈述,19
勾,19
任命,19
熟识,19
猜测,19
知晓,19
横加干涉,19
量刑,19
原谅,19
拘留,19
调节,19
嫌,19
罚,19
心有余悸,19
经过,19
解,19
见怪不怪,19
反省,19
鸣,19
解禁,19
无望,19
评,19
缺缺,19
欢呼,19
只字不提,19
开恩,19
肃然起敬,19
注目,19
有利于,19
横,19
升值,19
传授,19
揭发,19
加上,19
看不起,19
牵挂,19
迷惑,19
启示,19
素有,19
有愧,19
投票,18
免征,18
疑惑,18
规划,18
留心,18
一清二楚,18
琢磨,18
厚待,18
卖,18
只字未提,18
允许,18
呈现,18
回顾,18
利好,18
慷慨,18
命名,18
导致,18
指指,18
消失,18
屈膝,18
勾勾,18
松,18
划,18
赔偿,18
发行,18
忧心忡忡,18
关怀备至,18
投诉,18
体谅,18
尊,18
撞,18
防守,18
了若指掌,18
诋毁,18
禁止,18
回避,18
疑神疑鬼,18
有加,18
谩骂,18
鼓掌,18
倚重,18
不悦,18
夸耀,18
持续,18
宣道,18
保守,18
陷入,18
放电,18
一致,18
贬值,18
嫣然一笑,17
不置可否,17
守口如瓶,17
不够,17
课,17
出示,17
行不通,17
烦,17
付,17
出于,17
体恤,17
褒奖,17
议论纷纷,17
体验,17
瞧瞧,17
散布,17
钻研,17
赏赐,17
遵守,17
滥用,17
贴,17
安置,17
玩弄,17
信得过,17
低估,17
疏忽,17
吓,17
温和,17
排,17
开办,17
按,17
抢救,17
整改,17
酷爱,17
比较,17
带动,17
交心,17
拓展,17
释放,17
抽,17
犹豫不决,17
迷信,17
离开,17
享受,17
严,17
搜身,17
倒,17
整理,17
关系,17
激励,17
强化,17
操心,17
怀恋,17
靠,17
登记,17
犹豫,17
负心,17
构,17
滋生,17
得,17
留神,17
叫骂,17
显露,17
响应,17
可怜,17
奉,17
求爱,17
启齿,17
想象,17
死忠,16
困难,16
掩盖,16
高喊,16
提交,16
降价,16
批,16
恼恨,16
出言,16
怀抱,16
错,16
虐待,16
偏袒,16
大吃一惊,16
遭到,16
表扬,16
如此,16
抵制,16
产,16
拳脚相加,16
造谣,16
举办,16
叫道,16
告,16
注射,16
记忆,16
大惑不解,16
审议,16
正视,16
收购,16
尊崇,16
签订,16
降,16
苛责,16
下降,16
揭露,16
打压,16
试,16
逮捕,16
严肃,16
找到,16
行贿,16
惋惜,16
哭泣,16
竭尽,16
难忘,16
动摇,16
放行,16
祝愿,16
臣服,16
翘,16
信以为真,16
狞笑,16
计算,16
食言,16
演戏,16
怒目相视,16
流口水,16
宣读,16
咒骂,16
念叨,16
着,16
满不在乎,16
行凶,16
道别,15
望望,15
合,15
怨,15
生疏,15
纳闷,15
斥,15
拱拱,15
挥动,15
成立,15
请求,15
砸,15
弃,15
辱骂,15
索赔,15
并非,15
好言相劝,15
领悟,15
解读,15
吹捧,15
势在必得,15
珍爱,15
无损,15
摸底,15
祈求,15
表决,15
访,15
给与,15
脱,15
治,15
活动,15
查实,15
避免,15
毕恭毕敬,15
斗,15
挑明,15
预防,15
授予,15
消,15
挖,15
告诉,15
担负,15
安装,15
接,15
藐视,15
启动,15
恍若,15
致力,15
分配,15
保存,15
养,15
上升,15
施以,15
扫视,15
劝,15
驾轻就熟,15
来自,15
渴慕,15
失敬,15
无怨无悔,15
整顿,15
崇尚,15
违背,15
保有,15
戴,15
千依百顺,15
遗憾,15
估价,15
残害,15
主张,15
重组,15
优惠,15
退让,15
察觉,15
不一,15
摆手,15
皱眉头,15
助,15
督促,15
欺骗,15
痴情,15
服服贴贴,15
泄漏,15
追杀,15
拥抱,15
补贴,15
追捧,15
资助,15
板,15
大小声,15
割舍,15
驯服,14
划分,14
弯腰,14
举手,14
失控,14
挖苦,14
统计,14
调,14
减轻,14
夸赞,14
扬扬,14
纪念,14
难过,14
审问,14
瞄,14
加重,14
买,14
含有,14
调侃,14
搜查,14
引,14
管用,14
心中有数,14
愤恨,14
射击,14
申报,14
遭受,14
关键,14
恩宠有加,14
剖析,14
大方,14
区别,14
开设,14
突出,14
呼叫,14
唯命是从,14
举报,14
供,14
俯,14
识,14
兑现,14
围,14
近乎,14
和气,14
躲,14
论,14
顶,14
放出,14
征求,14
还是,14
开征,14
追随,14
不如,14
领,14
曝光,14
头痛,14
当作,14
小,14
毫不留情,14
追踪,14
面对,14
梳妆,14
过份,14
谄媚,14
订,14
倾斜,14
懊悔,14
长,14
日久生情,14
讲道,14
弹,14
谦让,14
动手动脚,14
惊叹,14
闹,14
出资,14
淡忘,14
恋,14
用心,14
独有,14
嫉恨,14
捧,14
逢迎,14
装作,14
假装,14
挥拳,14
剩下,14
担保,14
引用,14
夸口,14
坚信,14
袒露,14
挑起,14
悟,14
袭,14
辩解,14
自豪,14
吃醋,14
军售,14
加征,14
亵渎,14
禁赛,14
谈及,14
发狂,14
挽救,14
监测,14
褒贬不一,14
撂下,13
指示,13
过分,13
审计,13
破例,13
可能,13
重用,13
晓之以理,13
创作,13
跟,13
蹙,13
封闭,13
严惩,13
看上,13
禁运,13
减,13
大于,13
服用,13
防治,13
列入,13
懵懂,13
发送,13
称之为,13
治理,13
告别,13
粗暴,13
提拔,13
完全,13
拖,13
疑心,13
阅读,13
呵,13
进口,13
佯装,13
贬,13
功不可没,13
协调,13
困惑,13
略知一二,13
遇到,13
赌咒,13
泣,13
揶揄,13
警觉,13
打骂,13
挑挑拣拣,13
不乏,13
正是,13
信守,13
敢于,13
弹琴,13
评头论足,13
提升,13
虔诚,13
一见倾心,13
泼冷水,13
赔,13
盼望,13
侵害,13
推广,13
嘶吼,13
测试,13
追查,13
迫害,13
问候,13
修复,13
调控,13
搞好,13
奏效,13
当真,13
一分为二,13
夸大,13
听之任之,13
冷,13
把,13
出自,13
执,13
消除,13
宽大,13
练,13
毫不在意,13
争夺,13
压抑,13
胸有成竹,13
下结论,13
接纳,13
感恩戴德,13
顶撞,13
不明,13
不齿,13
发笑,13
避讳,13
有损,13
照顾有加,13
开炮,13
冒犯,13
长叹,13
欢喜,13
胡说,13
渴念,13
来电,13
发言,13
核查,13
悲悯,13
畏,13
拍摄,13
相思,13
厌,13
难以忘怀,13
生厌,13
浅笑,12
致谢,12
趋之若骛,12
放话,12
筑,12
抑制,12
责令,12
收回,12
上门,12
有些,12
拱,12
克制,12
托,12
扬言,12
内疚,12
严峻,12
破口大骂,12
勉强,12
饶恕,12
损失,12
叩头,12
称颂,12
发掘,12
渗透,12
梳理,12
暴露,12
不安,12
通报,12
赞颂,12
讳莫如深,12
有限,12
体察,12
印象,12
根据,12
转移,12
团结,12
观望,12
严重,12
盘查,12
沟通,12
痴心,12
一笑置之,12
眯,12
沉思,12
沉重,12
严守,12
擅长,12
不然,12
赐,12
迷,12
为难,12
光火,12
坚定,12
配,12
轰,12
坚信不疑,12
一目了然,12
筛选,12
离,12
拟,12
画,12
计划,12
照应,12
强求,12
悲观,12
购,12
和颜悦色,12
停留,12
不惜,12
打分,12
网开一面,12
讲义气,12
通,12
拆,12
领情,12
出卖,12
浪费,12
漠视,12
散发,12
剖,12
失约,12
一无用处,12
迎,12
歉疚,12
相加,12
开导,12
服侍,12
坦率,12
叫唤,12
数落,12
定罪,12
约定,12
喷洒,12
负担,12
加紧,12
变化,12
欠缺,12
抗战,12
茫然,12
尝试,12
挤眉弄眼,12
记载,12
爱好,12
手下留情,12
歌唱,12
献媚,12
痴恋,12
猜,12
没效,12
坚守,12
悲痛,12
嫌弃,12
玩玩,12
狂笑,12
作法,12
追问,12
麻木,12
心满意足,12
泛起,12
下蛊,12
卷,12
评判,12
背,12
一无,12
倍感,12
演,12
国事访问,12
救助,12
吼大叫,12
默许,12
相比,12
战斗,12
挂念,12
敬慕,12
神往,12
确信,12
模仿,12
寒心,12
寻找,12
失掉,12
妒忌,11
诬蔑,11
调笑,11
赞叹不已,11
表述,11
抚慰,11
鼓吹,11
屈,11
称许,11
闻名,11
显,11
表演,11
提问,11
差,11
难,11
躺,11
爱护有加,11
努,11
出兵,11
指挥,11
有力,11
解答,11
策划,11
诽谤,11
轻,11
违法,11
定义,11
动员,11
放肆,11
犯罪,11
向,11
颂扬,11
绳之以法,11
看得开,11
超出,11
大有益处,11
拳打脚踢,11
积累,11
打扰,11
笃信,11
赞,11
消耗,11
造反,11
施教,11
争,11
救,11
进言,11
探讨,11
再说,11
解脱,11
借鉴,11
无利,11
麻木不仁,11
阻挠,11
强迫,11
宣,11
劝阻,11
感知,11
司空见惯,11
污染,11
贬低,11
兴,11
回味,11
掀,11
抿,11
花费,11
落,11
相爱,11
淡漠,11
大发雷霆,11
俯首,11
企盼,11
捶,11
试探,11
选,11
压力,11
愧疚,11
福,11
宣讲,11
来者不拒,11
夸张,11
测定,11
心领神会,11
力求,11
明了,11
明显,11
深究,11
揭示,11
刻画,11
出言不逊,11
不怕,11
眼红,11
动手脚,11
所,11
耳闻,11
自嘲,11
添加,11
汇报,11
看透,11
示威,11
改动,11
作揖,11
甘心,11
判刑,11
诱惑,11
客套,11
取笑,11
呢喃,11
穷,11
窥视,11
惊异,11
长啸,11
讥笑,11
朗读,11
品头论足,11
生效,11
部署,11
苟同,11
懊恼,11
回心转意,11
口交,11
展望,11
禁售,11
叹气,11
失效,11
品评,11
余情未了,11
过不去,11
整合,11
痛心,11
钦慕,11
过意不去,11
看法,11
加收,10
示弱,10
吠,10
叫好,10
备感,10
横加,10
免予,10
似,10
敬服,10
围攻,10
斩,10
告知,10
答,10
伤心,10
专访,10
卖弄,10
心悦诚服,10
深情,10
轻信,10
占用,10
讲明,10
输入,10
畅谈,10
激起,10
联合,10
退,10
遇,10
抽查,10
出击,10
跳,10
恩宠,10
流泪,10
摧残,10
淡,10
缴纳,10
查明,10
直言不讳,10
忌妒,10
冷酷,10
强,10
保障,10
坚决,10
宽厚,10
打折扣,10
不甚了了,10
乐意,10
辨认,10
及时,10
确立,10
论述,10
猛击,10
一筹莫展,10
拖欠,10
透,10
探测,10
搜索,10
倡导,10
看不顺眼,10
切,10
到位,10
分类,10
引发,10
缺,10
痛骂,10
奢望,10
恐慌,10
收集,10
建,10
协助,10
抹,10
惯,10
报恩,10
一知半解,10
尽心尽力,10
自觉,10
测,10
输,10
检验,10
就业,10
践踏,10
问题,10
抛弃,10
等待,10
惦念,10
承受,10
养成,10
检阅,10
训,10
牺牲,10
慈爱,10
感染,10
激动,10
和善,10
萌发,10
愿,10
止,10
悼念,10
置,10
照单全收,10
诧异,10
罩,10
率,10
呼喝,10
恩爱,10
侦察,10
奚落,10
责难,10
新鲜,10
得罪,10
愣,10
张,10
弃之不顾,10
犹如,10
真实,10
使性子,10
摇尾巴,10
彬彬有礼,10
澄清,10
转让,10
嘟哝,10
当成,10
伸手,10
厚爱,10
非议,10
甩,10
区分,10
包装,10
失踪,10
弥补,10
绝情,10
十足,10
领教,10
渲染,10
戏称,10
相向,10
遮遮掩掩,10
慰问,10
起疑心,10
自负,10
辅导,10
哄,10
拨款,10
就是,10
附耳,10
痴,10
演讲,10
划定,10
说是,10
扔下,10
确信无疑,10
五体投地,10
关上,10
存有,10
端,9
浇,9
断言,9
合掌,9
挑眉,9
开具,9
容易,9
慕名,9
耳熟能详,9
挑逗,9
宣示,9
援手,9
瞪视,9
教导,9
愉快,9
倚赖,9
争论,9
流传,9
唯恐,9
包庇,9
听说,9
平添,9
着作,9
统一,9
控股,9
说三道四,9
演出,9
富于,9
召开,9
检举,9
动手术,9
抵,9
固执,9
重提,9
顾虑,9
心中无数,9
新奇,9
改写,9
审批,9
尽力,9
耐心,9
无微不至,9
为害,9
暂停,9
放权,9
满怀信心,9
志在必得,9
感慨,9
禁,9
排查,9
推诿,9
探,9
觉察,9
依靠,9
竖,9
损,9
返还,9
毁,9
卸下,9
系,9
雪上加霜,9
清查,9
心软,9
爱莫能助,9
演说,9
有望,9
提前,9
抵触,9
杀害,9
平等,9
含糊,9
排除,9
乃,9
娇惯,9
衡量,9
还,9
居,9
感悟,9
相同,9
做做,9
到来,9
合理,9
自责,9
拔,9
细看,9
依依不舍,9
培育,9
克服,9
详述,9
深知,9
思索,9
勘察,9
感同身受,9
围剿,9
充当,9
动真格,9
情,9
动粗,9
助益,9
提携,9
评定,9
称赞有加,9
打电话,9
殴打,9
悔,9
贪恋,9
踹,9
扬起,9
描摹,9
折服,9
款待,9
生闷气,9
曲解,9
洞察,9
无法,9
限,9
观测,9
伺候,9
饱含,9
鸣枪,9
认错,9
造访,9
害,9
单纯,9
奔,9
专一,9
不好意思,9
可谓,9
珍贵,9
拉拢,9
造就,9
嘻笑,9
浓,9
无话不说,9
勉励,9
凌辱,9
震撼,9
战胜,9
需求,9
延长,9
对抗,9
骄傲,9
硬,9
有关,9
死去,9
追捕,9
刻薄,9
容,9
肩负,9
认命,9
评说,9
寻求,9
无关,9
费,9
估,9
发愣,9
捐款,9
冷嘲热讽,9
挂心,9
复述,9
躲避,9
钦敬,9
支配,9
胜利,9
遗忘,9
回归,9
咬牙切齿,9
道道,9
示警,9
交织,9
诱,9
掠夺,9
交涉,9
必不可少,9
全力以赴,9
立法,9
发功,9
反悔,9
更换,9
信誓旦旦,9
嘉许,9
编造,9
大惊小怪,9
沉迷,9
多余,9
招招,8
趋之若鹜,8
作答,8
翻脸,8
信心,8
怒骂,8
简单,8
视察,8
遭,8
来访,8
比划,8
警戒,8
矢口否认,8
喝斥,8
启,8
数,8
顶礼膜拜,8
占据,8
赞佩,8
耐,8
呆,8
不以为忤,8
赠送,8
声讨,8
播放,8
忌,8
揭,8
另眼相待,8
正色,8
呼吁,8
打响,8
驻,8
炮轰,8
紧逼,8
走向,8
举足轻重,8
处在,8
扶植,8
虎视眈眈,8
转为,8
失败,8
调动,8
开心,8
牵,8
丰富,8
吸纳,8
定下,8
受理,8
打趣,8
插,8
卡,8
记录,8
清,8
残留,8
用于,8
回收,8
执法,8
近,8
提示,8
精益求精,8
归纳,8
排队,8
开通,8
漠然,8
媾和,8
喷射,8
搜捕,8
恼,8
用不着,8
防止,8
讥讽,8
说服,8
酝酿,8
登门,8
褒扬,8
疼惜,8
急需,8
诬告,8
称谢,8
授,8
讲授,8
漠然置之,8
有人,8
争议,8
革命,8
惜,8
骗,8
施放,8
化为,8
回来,8
见面,8
无关紧要,8
强制,8
加速,8
结婚,8
漫不经心,8
增收,8
巩固,8
阻碍,8
爱不释手,8
必需,8
拨,8
没收,8
上涨,8
签发,8
隔膜,8
大呼小叫,8
回击,8
掌控,8
呵斥,8
结,8
妒嫉,8
细心,8
遵循,8
坚定不移,8
恶劣,8
来信,8
轻笑,8
凝眸,8
行事,8
排拒,8
报仇,8
说老实话,8
推心置腹,8
霸道,8
爱上,8
了,8
运作,8
嘘,8
盲从,8
有毒,8
包含,8
烧,8
袖手旁观,8
跪拜,8
分为,8
捕捉,8
上市,8
欺瞒,8
不理,8
多于,8
泰然处之,8
聊,8
失却,8
困扰,8
随便,8
袒护,8
指望,8
压迫,8
央求,8
译,8
告白,8
礼遇有加,8
恭顺,8
驾驭,8
闪烁,8
现出,8
照顾备至,8
为所欲为,8
回访,8
转述,8
撇撇,8
把持,8
周到,8
输出,8
设想,8
着急,8
喃喃自语,8
信仰,8
醉,8
显现,8
超乎,8
强硬,8
识别,8
朗诵,8
采集,8
见死不救,8
幻灭,8
体贴入微,8
出发,8
下定论,8
不敬,8
真心诚意,8
吝惜,8
拔剑,8
掀起,8
久仰,8
有助,8
背弃,8
呵护有加,8
开庭,8
访华,8
心服口服,8
推崇备至,8
视作,8
腻味,8
无悔,8
使眼色,8
说重话,8
明言,8
吹牛,8
加压,8
感激不尽,8
忘记,8
痛,8
夺,8
允,8
宠信,8
竟是,8
躲躲闪闪,8
拿手,8
交差,8
啐,8
顾,8
别有居心,8
劝道,7
出声,7
敬酒,7
充,7
尝,7
搭,7
等于,7
寒暄,7
进军,7
牵制,7
疯狂,7
备加,7
舞,7
多情,7
了结,7
着墨,7
做成,7
百看不厌,7
尊称,7
庇护,7
挞伐,7
侵占,7
拜服,7
操纵,7
审,7
偷袭,7
加热,7
不冷不热,7
吵,7
尽心,7
调研,7
围绕,7
试图,7
研制,7
构建,7
打造,7
仰视,7
隔离,7
低于,7
营造,7
扼杀,7
深有感触,7
良好,7
参拜,7
捐赠,7
信奉,7
应用,7
武装,7
不离不弃,7
来到,7
生活,7
抗,7
开除,7
混淆,7
迟钝,7
将就,7
反馈,7
注明,7
纳入,7
压制,7
摊派,7
盖,7
保养,7
惩治,7
公道,7
求饶,7
不准,7
下决心,7
撒手不管,7
增进,7
支撑,7
代表,7
严惩不贷,7
抓好,7
改编,7
贷款,7
下放,7
应该,7
失利,7
保,7
拍手,7
呻吟,7
劝慰,7
欣喜若狂,7
斤斤计较,7
不快,7
躬,7
恭敬有加,7
不容,7
察颜观色,7
围追,7
接种,7
可,7
细,7
打下,7
便是,7
移送,7
侍候,7
追忆,7
悔恨,7
责,7
讶异,7
种,7
建造,7
无污染,7
缓解,7
从,7
扭,7
叩拜,7
勾结,7
无碍,7
斟酌,7
降温,7
开采,7
温暖,7
查清,7
摊开,7
忠心不二,7
成问题,7
探访,7
签署,7
磨,7
无奈,7
难受,7
退避三舍,7
作恶,7
横加指责,7
失误,7
不无裨益,7
启迪,7
耗,7
特殊,7
宽宏大量,7
不知所措,7
吝于,7
娇宠,7
走过,7
退出,7
和蔼可亲,7
包,7
预料,7
点评,7
定性,7
积,7
上心,7
配置,7
欢笑,7
谦恭,7
虚伪,7
非,7
外出,7
奢求,7
观看,7
活,7
重建,7
着手,7
糟蹋,7
冷静,7
颐指气使,7
大意,7
当心,7
当选,7
交出,7
看得起,7
来得,7
暗,7
奏,7
救赎,7
惊诧,7
规劝,7
祷告,7
对话,7
将信将疑,7
无所不谈,7
轻慢,7
飞来,7
碰触,7
客客气气,7
展,7
关爱备至,7
老实,7
飘,7
溺,7
欲言又止,7
看护,7
逼视,7
释,7
哀悼,7
啸,7
调戏,7
羞辱,7
授权,7
迁,7
引入,7
翻翻,7
千恩万谢,7
处之泰然,7
没什么用,7
驾驶,7
扫射,7
值,7
驶,7
综合,7
赞助,7
迎合,7
蒙,7
胜任,7
看见,7
看似,7
清洗,7
掷,7
吟,7
侮慢,7
忠贞不二,7
必恭必敬,7
死亡,7
感触,7
叨念,7
浑然不知,7
沾沾自喜,7
提请,7
逸,7
大笑,7
构筑,7
论证,7
逞凶,7
投掷,7
融入,7
触碰,7
独具,7
出神,7
惊为天人,7
回话,7
松手,7
神圣,7
眷宠,7
抱有,7
注资,7
离去,7
中意,7
阻止,7
大喊大叫,7
强加,7
忠贞,7
谈起,7
排挤,7
耳提面命,7
亲昵,7
三缄其口,7
犒赏,7
嗤笑,7
需索,7
讪笑,7
罢手,7
耸肩,7
狠心,7
过奖,7
下重手,7
惊艳,7
讯问,7
崇仰,7
嚎叫,7
浓厚,7
津津乐道,7
教诲,7
飞扬,7
机遇,7
望而却步,7
封,7
逼迁,7
心仪,7
念经,7
抚摸,7
昭示,7
鞭挞,7
摆架子,7
腐蚀,7
可有可无,7
启口,7
言明,7
猜想,7
分辨,7
成全,7
激发,7
指摘,7
发发,7
深厚,7
模糊,7
兄妹,7
传递,7
冒火,6
故作,6
一,6
免除,6
严苛,6
捧场,6
怒视,6
推迟,6
复制,6
核定,6
更新,6
暗算,6
下拜,6
分散,6
高叫,6
高呼,6
赤胆忠心,6
乃是,6
撇,6
生成,6
养育,6
执政,6
惊愕,6
喝问,6
真是,6
祝贺,6
照办,6
低声道,6
打听,6
摊,6
实话实说,6
诬陷,6
付之一笑,6
通融,6
宣泄,6
说法,6
劝告,6
辐射,6
借,6
迎接,6
做法,6
继承,6
谢绝,6
探究,6
知根知底,6
欺凌,6
迫切,6
熟门熟路,6
中断,6
心知肚明,6
颁布,6
缩短,6
检讨,6
担,6
报考,6
查出,6
挣扎,6
惩办,6
进展,6
普及,6
拓宽,6
熟练,6
背诵,6
耻笑,6
遮掩,6
乐于,6
中止,6
签,6
回复,6
毫无顾忌,6
分门别类,6
熏,6
睡,6
附有,6
办事,6
回绝,6
满怀深情,6
感怀,6
消极,6
上网,6
怜恤,6
实事求是,6
行善,6
推敲,6
传来,6
清扬,6
发疯,6
偿还,6
开辟,6
查验,6
花钱,6
不明所以,6
推销,6
热忱,6
姑息迁就,6
一丝不苟,6
似懂非懂,6
爱理不理,6
喝彩,6
握有,6
遵从,6
行驶,6
备,6
听见,6
宠幸,6
节制,6
错误,6
转换,6
广播,6
回家,6
搭理,6
见到,6
兴致勃勃,6
好像,6
兑,6
受益,6
不义,6
率领,6
处分,6
建成,6
遏制,6
补助,6
惹,6
忧,6
重罚,6
提审,6
绕,6
试用,6
宜,6
显着,6
堆,6
出生,6
采购,6
恋恋不舍,6
顾及,6
淡泊,6
措手不及,6
维修,6
啃,6
无恶感,6
深信,6
亏损,6
恐吓,6
踩,6
抬举,6
瞪瞪,6
发自,6
亲吻,6
施法,6
淹没,6
热恋,6
出国,6
忍心,6
难事,6
稳定,6
按照,6
附加,6
爬,6
不行,6
无计可施,6
睨,6
礼敬,6
计,6
托付,6
相知,6
晋升,6
诚恳,6
坦然,6
开开,6
辨识,6
爱恨,6
无毒,6
杀伤,6
降服,6
护理,6
煽动,6
特有,6
摔,6
胜过,6
训导,6
逆来顺受,6
盛,6
突击,6
置疑,6
慎之又慎,6
增设,6
相交,6
传送,6
泛,6
摇晃,6
责问,6
述,6
甜笑,6
舒服,6
爱抚,6
供给,6
陈说,6
那样,6
行刺,6
抢,6
拥戴,6
劈头,6
出招,6
挥挥手,6
可怕,6
相反,6
看作,6
叱,6
成长,6
浮,6
高举,6
剖白,6
怒喊,6
进贡,6
吸,6
敏锐,6
深思熟虑,6
摆脱,6
吹风,6
称道,6
胡来,6
坏事,6
敌,6
蕴藏,6
共有,6
升级,6
谢罪,6
追击,6
专家,6
伸伸,6
远,6
脸红,6
决策,6
寻,6
响,6
喜,6
交付,6
合乎,6
晓得,6
恪守,6
复查,6
映,6
瞒报,6
下工夫,6
随意,6
自卫,6
经,6
热烈,6
真挚,6
预计,6
咋舌,6
恭谨,6
忘却,6
倾向,6
小心翼翼,6
报导,6
宽大为怀,6
陶醉,6
笼络,6
礼,6
娶,6
屈从,6
下发,6
默认,6
窃,6
告解,6
挑选,6
述职,6
称臣,6
辜负,6
刻划,6
覆盖,6
相关,6
争论不休,6
开禁,6
抒发,6
周旋,6
管制,6
假释,6
冷谈,6
游说,6
推测,6
成功,6
怒目,6
怨毒,6
蹙眉,6
鄙薄,6
惊奇,6
提心吊胆,6
燃,6
相差,6
避之不及,6
目瞪口呆,6
死心踏地,6
家访,6
馈赠,6
指手画脚,6
澄,6
坐视,6
装傻,6
逼近,6
答谢,6
动气,6
剥夺,6
创新,6
抽样调查,6
质询,6
合围,6
明讲,6
定价,6
持股,6
饶有,6
避忌,6
反叛,6
割,6
归,6
衍生,6
恭,6
荣获,6
减弱,6
减刑,6
看淡,6
直视,6
陷,6
谅,6
饥渴,6
没胃口,6
没话说,6
责骂,6
卑躬曲膝,6
摊牌,6
呼应,6
受够,6
笼罩,6
抗争,6
呵疼,6
驭,6
只是,6
开价,6
深仇大恨,6
大打出手,6
情有独衷,6
守卫,6
谓,6
填,6
善意,6
口出,6
动感情,6
嘟囔,6
拿捏,6
糊涂,5
除了,5
私语,5
没什麽,5
打扮,5
布道,5
盛赞,5
研讨,5
逼供,5
不可,5
奸笑,5
居住,5
众说纷纭,5
哭喊,5
求情,5
劝解,5
赏,5
破天荒,5
写作,5
报偿,5
勾勒,5
防卫,5
诉讼,5
表表,5
分开,5
恫吓,5
即,5
诉诸,5
写信,5
奋斗,5
布控,5
嫉,5
相干,5
礼敬有加,5
严酷,5
安抚,5
担任,5
申办,5
便利,5
播出,5
制作,5
遭遇,5
出版,5
联手,5
远离,5
清除,5
学会,5
考,5
不畏,5
震怒,5
完,5
炒,5
公告,5
改判,5
悉,5
厚道,5
叫停,5
埋,5
守护,5
食用,5
插手,5
善于,5
由,5
参照,5
撞击,5
依法,5
移,5
奋战,5
得知,5
解放,5
卑躬屈膝,5
赢得,5
舍不得,5
反弹,5
应答,5
推重,5
拾,5
赋,5
增多,5
一笔带过,5
隐,5
莫可奈何,5
逃,5
压缩,5
盘算,5
尽责,5
不宜,5
知恩图报,5
领取,5
省,5
兼,5
停放,5
满腔热情,5
代,5
赶,5
沉,5
付给,5
有所不同,5
巡视,5
喂,5
钟爱有加,5
吊销,5
备战,5
增大,5
留有余地,5
申斥,5
真心实意,5
倍增,5
流行,5
缓和,5
回首,5
松懈,5
等,5
舍得,5
唏嘘,5
保卫,5
剪,5
过目不忘,5
渴盼,5
交流,5
辨别,5
落到实处,5
勾画,5
录取,5
做好,5
颠覆,5
写生,5
微不足道,5
坐下,5
反射,5
无济于事,5
屠杀,5
侦查,5
惯用,5
禀告,5
靠近,5
选用,5
无所不知,5
交易,5
收到,5
鉴别,5
发威,5
塞,5
阐发,5
捏造,5
利空,5
拍板,5
愤愤不平,5
挽留,5
善待,5
不幸,5
注,5
审定,5
抠,5
和好,5
疑虑,5
沉醉,5
吝,5
欺压,5
明知,5
仇,5
撒野,5
人,5
歪曲,5
悲泣,5
限于,5
蹲,5
求之不得,5
抿嘴,5
未置可否,5
制,5
美化,5
心慈手软,5
学有余力,5
占地,5
光顾,5
乱,5
敬谢,5
鉴定,5
上演,5
促使,5
喝采,5
无足轻重,5
念念难忘,5
痴缠,5
领略,5
愧,5
撤除,5
上缴,5
求全责备,5
宽,5
体检,5
恶言相向,5
斯文,5
放在眼里,5
远观,5
始乱终弃,5
拼,5
掉,5
考证,5
无力,5
统,5
涌现,5
护短,5
考评,5
确保,5
退还,5
开拓,5
善,5
祸,5
和言悦色,5
谦和,5
秘而不宣,5
容情,5
对付,5
操,5
赐予,5
承包,5
肯,5
移交,5
供奉,5
听从,5
始,5
着眼,5
预设,5
无感,5
扶,5
还击,5
记仇,5
吭,5
奈何,5
写道,5
交纳,5
限定,5
反问,5
盯视,5
认罪,5
别有用心,5
赎罪,5
心有所属,5
弹劾,5
训诫,5
眨巴,5
酌,5
来华,5
啰嗦,5
坚信不,5
回国,5
利诱,5
迁怒,5
销毁,5
软禁,5
艳羡,5
勾引,5
唯命是听,5
直射,5
胡扯,5
恩,5
跟随,5
喜悦,5
作鬼脸,5
低喊,5
恭而敬之,5
操作,5
舔,5
悦,5
补课,5
开播,5
扰乱,5
分解,5
现有,5
尽孝,5
买卖,5
盲目,5
等闲视之,5
书写,5
不拘,5
晃动,5
扑面而来,5
嘶叫,5
重述,5
怒不可遏,5
大有用处,5
认清,5
试炼,5
无妨,5
修,5
发扬,5
指明,5
收敛,5
吝啬,5
千谢万谢,5
福音,5
垂爱,5
快,5
忌恨,5
钉,5
发号施令,5
参股,5
转化,5
欣喜,5
洒,5
解剖,5
研读,5
伟大,5
听命,5
相识,5
避之惟恐不及,5
委以重任,5
侦破,5
获,5
痛恶,5
发育,5
跳脚,5
抚育,5
缴,5
伴,5
指指戳戳,5
软弱,5
暂缓,5
一边倒,5
称得上,5
分成,5
相,5
冷若冰霜,5
戏弄,5
非礼,5
贬斥,5
咆,5
晓以,5
练习,5
张扬,5
惭愧,5
有所作为,5
表彰,5
询价,5
欺,5
依附,5
捍卫,5
退缩,5
观,5
家常便饭,5
停火,5
削,5
倒戈相向,5
相宜,5
幸灾乐祸,5
扶助,5
巡查,5
扑鼻而来,5
盯防,5
协商,5
操控,5
联想,5
体认,5
深情厚谊,5
仰望,5
拍拍,5
充分,5
寻觅,5
主演,5
迷惑不解,5
催促,5
拳脚交加,5
死心眼,5
妒恨,5
傲慢,5
了无,5
絮叨,5
作弄,5
晃晃,5
出价,5
莫名其妙,5
刻骨铭心,5
当之无愧,5
规避,5
加仓,5
派出,5
登,5
自语,5
尴尬,5
耍赖,5
乐此不疲,5
执守,5
饶,5
施恩,5
宣说,5
问好,5
折,5
深切,5
招认,5
无权,5
坐视不理,5
测量,5
嘉奖,5
否决,5
输送,5
装修,5
开骂,5
赞誉有加,5
直言相告,5
辩,5
看成,5
剩,5
查询,5
亲密,5
趋,5
爱念,5
动脑筋,5
瞎说,5
奉送,5
怀想,5
惊慌,5
污蔑,5
祭奠,5
误导,5
扫描,5
束缚,5
变为,5
语,5
竞争,5
痛惜,5
屑,5
入手,5
奖赏,5
誓死效忠,5
豁免,5
温存,5
道贺,5
起哄,5
搪塞,5
高看,5
合法化,5
有增无减,5
所做所为,5
无惧,5
隔,5
恭贺,5
申明,5
泄愤,5
踌躇,5
商量,5
戒,5
忠贞不贰,5
评头品足,5
读解,5
死心蹋地,5
抱憾,5
考查,5
抬爱,5
恶毒,5
疑,5
召唤,5
盯梢,5
酬报,5
拋,5
吐槽,5
怨声载道,5
入迷,5
溜,5
回眸,5
转向,5
评选,5
捉弄,5
忿怒,5
逼迫,5
残存,5
利,5
仁尽义至,5
开屏,5
错爱,5
惯有,5
不买账,5
铭感,5
使诈,5
动刀子,5
趋之若惊,5
认输,5
发号,5
放任自流,5
授课,5
俯视,5
列举,5
摆脸色,5
幻想,5
有说有笑,4
口授,4
不爽,4
唯有,4
欣羡,4
体贴备至,4
注册,4
加密,4
排放,4
反扑,4
打哈哈,4
拜倒,4
褒奖有加,4
不失为,4
惺惺相惜,4
拱手道,4
喝令,4
监听,4
就任,4
只有,4
任职,4
撒尿,4
轻率,4
抬抬,4
推推搡搡,4
弯弯,4
嘘寒问暖,4
滋长,4
进逼,4
置评,4
灌注,4
夹击,4
报销,4
闯,4
自认,4
吻合,4
阳奉阴违,4
扭转,4
容纳,4
羡,4
讨,4
照拂,4
弊,4
新增,4
逝世,4
整修,4
惊鸿一瞥,4
撤销,4
浏览,4
爱恨交加,4
派遣,4
传道,4
生发,4
留情面,4
深远,4
受贿,4
送给,4
监禁,4
批驳,4
刊登,4
创,4
统筹,4
摘,4
辅,4
获取,4
过得去,4
配备,4
策动,4
听计从,4
打破,4
偏重,4
增施,4
小视,4
收税,4
专横,4
诊治,4
窜,4
努努,4
声明,4
赴,4
讨价还价,4
顾虑重重,4
身,4
印,4
慈悲,4
祟拜,4
仔细,4
绝对,4
克扣,4
居功至伟,4
挂牌,4
预警,4
敷衍了事,4
鼓动,4
医治,4
亏待,4
端正,4
努力,4
瞠目结舌,4
告发,4
准,4
尊祟,4
觉悟,4
违规,4
招收,4
出席,4
科学,4
涉,4
兢兢业业,4
标明,4
演绎,4
软,4
高于,4
组合,4
听取,4
加害,4
示范,4
收容,4
想到,4
可疑,4
热,4
褒,4
吐血,4
进驻,4
探望,4
至,4
活跃,4
讲求,4
改良,4
蹩,4
踏,4
兴办,4
和,4
钻,4
献计献策,4
唐突,4
消解,4
评分,4
抽检,4
依据,4
妄想,4
捣乱,4
情愿,4
尾随,4
刮,4
加油,4
依顺,4
进城,4
惊呼,4
解放思想,4
改正,4
租,4
梳头,4
涂,4
照照,4
高歌,4
忆,4
饮,4
疗,4
悲哀,4
睇,4
隐忍,4
合格,4
核发,4
透明,4
遥,4
夸不绝口,4
帮扶,4
分别,4
大修,4
言而无信,4
寄寓,4
冠,4
怒目以,4
染,4
辩驳,4
烟消云散,4
料,4
揣摩,4
我国,4
放低,4
缄默,4
开门,4
涉足,4
环视,4
如痴如醉,4
揍,4
起家,4
削弱,4
屡教不改,4
停产,4
如虎添翼,4
上弓,4
爱屋及乌,4
触摸,4
见怪,4
直,4
难说,4
便宜,4
服膺,4
试验,4
爱戴有加,4
重重,4
赔笑,4
施虐,4
主动,4
晓,4
握,4
预示,4
搭讪,4
赞扬备至,4
心不在焉,4
量,4
独立,4
有待,4
走访,4
狠抓,4
贪求,4
损坏,4
求之若渴,4
秘密,4
百思不得其解,4
却说,4
怪,4
观照,4
异化,4
称作,4
变更,4
察,4
叫做,4
下药,4
提不起劲,4
奠定,4
鞠躬尽瘁,4
恐怖,4
甄别,4
轻薄,4
锁定,4
出租,4
融资,4
妒,4
行走,4
辨,4
望而生畏,4
查办,4
忘恩负义,4
挥霍,4
取款,4
核准,4
想入非非,4
举棋不定,4
受伤,4
急,4
看不上,4
买帐,4
摸清,4
推介,4
重奖,4
装聋作哑,4
瞠目而视,4
斟,4
附,4
气恼,4
捉摸,4
有别于,4
牵念,4
不可思议,4
美,4
兜,4
伸长,4
熟稔,4
拘禁,4
治罪,4
透视,4
迟疑,4
污辱,4
拦,4
漠然处之,4
烦恼,4
有助于,4
刨根问底,4
病,4
试试,4
全心全意,4
笑骂,4
支吾,4
轻而易举,4
复杂,4
谎话连篇,4
嚎,4
疼宠,4
戳,4
比对,4
使得,4
执拗,4
悬赏,4
贴近,4
迫使,4
评议,4
诸如,4
超,4
清退,4
论处,4
提取,4
迷茫,4
打打骂骂,4
诞生,4
发狠,4
难得,4
必胜,4
无助,4
服贴,4
提提,4
经受,4
控告,4
毒打,4
穷追不舍,4
和蔼,4
体贴人微,4
言说,4
相称,4
冲洗,4
恶,4
俯首贴耳,4
到达,4
回到,4
测算,4
久拖不决,4
侧重,4
格格不入,4
讴歌,4
存放,4
包办,4
传出,4
谋害,4
憎,4
看不,4
贪,4
尽忠职守,4
包干,4
分担,4
沉浸,4
暗含,4
过去,4
堵,4
凝聚,4
扑杀,4
镇定,4
触及,4
跺脚,4
投放,4
续,4
停职,4
捏,4
代替,4
大嚷大叫,4
玩味,4
混,4
挪揄,4
类似,4
测序,4
滚,4
嘲,4
心醉神迷,4
失落,4
颁,4
估量,4
缩小,4
发愁,4
失笑,4
宝贝,4
百思不解,4
禀报,4
放大,4
渡,4
感化,4
作用,4
倾销,4
强有力,4
叙,4
猛攻,4
发售,4
评审,4
分工,4
死磕,4
分心,4
倾泻,4
痛感,4
累积,4
视而未见,4
欺负,4
认证,4
作证,4
绽露,4
梳,4
反动,4
轻忽,4
痛斥,4
朝拜,4
掠,4
优化,4
看中,4
热切,4
无话,4
打主意,4
崇奉,4
明示,4
公认,4
残杀,4
交谈,4
取代,4
凝注,4
恭喜,4
讲课,4
投标,4
倔强,4
行骗,4
意识,4
搜寻,4
洞悉,4
追念,4
牵引,4
费尽,4
会晤,4
昵,4
逞强,4
争执,4
增兵,4
谋求,4
抱拳道,4
尽职,4
化妆,4
难以忍受,4
自夸,4
情深,4
喜好,4
不买帐,4
嗤,4
答覆,4
熟知,4
叩,4
无言以对,4
记述,4
供认,4
甘拜下风,4
侃侃而谈,4
绷,4
杀戮,4
生死攸关,4
劫,4
低吼,4
寻衅,4
坦诚,4
胡说八道,4
置于,4
拍马屁,4
发明,4
意犹未尽,4
热诚,4
说理,4
叱喝,4
爱重,4
沉默,4
誓在必得,4
微感,4
杀人,4
深思,4
倒背如流,4
从无,4
常抓不懈,4
追索,4
正确,4
窥探,4
连,4
取胜,4
受之无愧,4
历时,4
置之不顾,4
祭,4
细分,4
做手脚,4
直播,4
赔款,4
排名,4
订货,4
还击战,4
创出,4
锻炼,4
废除,4
掣肘,4
矫正,4
瞧不顺眼,4
断绝,4
勘查,4
拿下,4
揣测,4
落井下石,4
愁,4
问东问西,4
奉养,4
拉开,4
灰心,4
生长,4
臆测,4
充电,4
实说,4
期许,4
编织,4
做人,4
恨恨,4
俗称,4
进犯,4
责罚,4
愕然,4
叹服,4
相配,4
违抗,4
象征,4
颠倒,4
破灭,4
探求,4
缄,4
失灵,4
指名,4
眷念,4
不告而别,4
不公,4
擅,4
考量,4
一无所,4
幸福,4
叩首,4
心服,4
口,4
礼让三,4
怒斥,4
欲,4
庆幸,4
信不,4
牵扯,4
光明磊落,4
速战速决,4
暗恋,4
知悉,4
思恋,4
玩笑,4
应酬,4
中毒,4
剥削,4
推波助澜,4
调教,4
冀望,4
探查,4
发情,4
答道,4
兴高采烈,4
下跌,4
传音,4
收买,4
引以为傲,4
均等,4
建仓,4
和解,4
掌,4
包揽,4
有根有据,4
多样化,4
叫价,4
颔,4
沉舟,4
赦免,4
差不多,4
有微词,4
崇敬有加,4
亲厚,4
顺利,4
没有意思,4
严刑,4
追寻,4
有数,4
憋,4
无法自拔,4
背离,4
瞧不上,4
情深意重,4
如指掌,4
要挟,4
淡然处之,4
蹂躏,4
照看,3
相距,3
育,3
不可自拔,3
回礼,3
感应,3
设有,3
决无,3
擦,3
不计前嫌,3
呜咽,3
伤脑筋,3
如是说,3
无语,3
旋转,3
核对,3
度儿道,3
耳语道,3
拧,3
唤起,3
计议,3
所作所为,3
控,3
翻白眼,3
经历,3
拍拍打打,3
乞求,3
实验,3
捅,3
言道,3
引水,3
誉说,3
怨怼,3
皱眉道,3
遵,3
不动声色,3
出行,3
负疚,3
小心谨慎,3
紧跟,3
借用,3
哈腰,3
兜售,3
莫测,3
雪中送炭,3
去世,3
收监,3
没关系,3
承,3
宛如,3
群起而攻,3
失恋,3
为由,3
会见,3
改口,3
阻,3
反复,3
倾心相许,3
突然,3
问津,3
闭口不提,3
强攻,3
跻身,3
立足,3
疑似,3
不力,3
无所顾忌,3
不畏强暴,3
绘,3
建言献策,3
如数家珍,3
躲闪,3
一言不发,3
列为,3
借助,3
退回,3
不怕牺牲,3
难堪,3
决,3
胡闹,3
剔除,3
转载,3
精简,3
捂,3
战战兢兢,3
涨,3
触犯,3
小气,3
吹吹,3
停业,3
限期,3
有法可依,3
缓,3
免职,3
搭配,3
搭话,3
应承,3
购房,3
隐讳,3
议价,3
封赏,3
保修,3
吁,3
冲破,3
名列,3
新闻,3
现,3
垂询,3
依,3
浮动,3
采纳,3
本着,3
一问三不知,3
心狠手辣,3
成像,3
责成,3
通电,3
杜绝,3
行为,3
不适,3
不假辞色,3
夺取,3
布施,3
锁,3
光临,3
偏,3
说法不一,3
讯,3
贴息,3
作案,3
赔付,3
未遂,3
大失所望,3
意,3
休,3
勒,3
炸,3
依照,3
理赔,3
放映,3
扣除,3
增发,3
看望,3
分清,3
求索,3
马虎,3
折算,3
化疗,3
变幻,3
隐匿,3
认帐,3
开业,3
通晓,3
促,3
准予,3
复审,3
调用,3
抽取,3
循循善诱,3
做事,3
攻关,3
纠违,3
号称,3
分流,3
摄入,3
姓,3
嗅,3
礼赞,3
无言,3
看空,3
有余,3
眼开眼闭,3
违犯,3
违章,3
拆散,3
约法三章,3
预,3
爆炸,3
劳动,3
信心百倍,3
连接,3
一针见血,3
义愤填膺,3
迫,3
住宿,3
拉扯,3
转发,3
回购,3
脆弱,3
涨价,3
描画,3
卸妆,3
吃透,3
推卸,3
变动,3
通知,3
删除,3
穷追猛打,3
防御,3
动容,3
懵懂无知,3
贪图,3
想起,3
遥远,3
运,3
力争,3
传播,3
指引,3
合并,3
大办,3
视如无睹,3
义不容辞,3
视若,3
批斗,3
走近,3
有生以来,3
滋味,3
全神贯注,3
夹攻,3
毒害,3
失职,3
走火入魔,3
作假,3
甘之如饴,3
讲理,3
撅,3
意欲,3
讶然,3
利于,3
不利于,3
执迷不悟,3
必须,3
叹为观止,3
张口,3
侍,3
转产,3
引诱,3
用心良苦,3
砍伐,3
签定,3
查究,3
一笑了之,3
无可非议,3
增产,3
意见,3
聪明,3
无话不,3
坚信不移,3
讥刺,3
紧追不放,3
掬,3
老,3
别提,3
栽培,3
优厚,3
委屈,3
错愕,3
游戏,3
效劳,3
疼爱备至,3
奸淫,3
随和,3
动动,3
潜藏,3
逾越,3
鄙弃,3
无怨,3
修理,3
修饰,3
胁迫,3
除名,3
了然于心,3
来往,3
适当,3
下调,3
切割,3
估算,3
冲动,3
鼓,3
抡,3
重在,3
摸索,3
返回,3
点拨,3
汇,3
谋划,3
说人话,3
笑盈盈,3
弘扬,3
健康,3
不苟言笑,3
开诚布公,3
分裂,3
堵塞,3
泛滥,3
震慑,3
称誉,3
呼号,3
延伸,3
辅佐,3
绝口不提,3
崩溃,3
应声,3
验证,3
跟不上,3
要价,3
组成,3
能否,3
揭批,3
小看,3
注定,3
真切,3
不必要,3
精打细算,3
实践,3
跺,3
丈二和尚摸不着头脑,3
勇于,3
参观,3
大动干戈,3
赔礼道歉,3
分离,3
秉持,3
迎送,3
竭尽忠诚,3
阐释,3
前因后果,3
签名,3
避之唯恐,3
朝思暮想,3
久,3
处理不当,3
待若上宾,3
高唱,3
回头,3
夸赞有加,3
费解,3
闻所未闻,3
无解,3
吹毛求疵,3
索然,3
倾泄,3
招架,3
怪罪,3
腻烦,3
彻底,3
深信不移,3
惦记,3
搜,3
开讲,3
防不胜防,3
口述,3
生畏,3
无可指责,3
谈虎色变,3
耗尽,3
奇耻大辱,3
陡增,3
不痛不痒,3
又惊又喜,3
告戒,3
温顺,3
建筑,3
不当,3
品尝,3
搬,3
备案,3
淋,3
赚,3
拷问,3
求救,3
耍弄,3
还要,3
不耐,3
吼大,3
大声,3
受不了,3
苦恼,3
夹,3
听若罔闻,3
膨胀,3
可爱,3
拉长,3
垂,3
置身事外,3
亵读,3
挺,3
敛,3
讽,3
怜爱有加,3
取样,3
套,3
冻结,3
吶喊,3
照相,3
意义,3
光明正大,3
来京,3
进出,3
弄虚作假,3
并购,3
对比,3
为首,3
委托,3
茫,3
求证,3
自然,3
朋友,3
一连串,3
挖角,3
问及,3
引述,3
图谋,3
欺侮,3
装糊涂,3
严谨,3
大呼小喝,3
盲,3
不孝,3
狂轰滥炸,3
哈,3
疾言厉色,3
欣慰,3
凶巴巴,3
百利无一害,3
一厢情愿,3
亲匿,3
贵,3
奢侈,3
称扬,3
监察,3
凝神,3
看病,3
责无旁贷,3
半推半就,3
赶到,3
保住,3
奖,3
列,3
排排,3
设卡,3
停车,3
卷入,3
趋于,3
谣传,3
圆,3
哀伤,3
招用,3
招聘,3
关联,3
企求,3
修订,3
追根究柢,3
检视,3
相隔,3
敷衍塞责,3
走私,3
慑服,3
平反,3
力不从心,3
耗资,3
打捞,3
暗藏,3
窃窃私语,3
纯熟,3
核实,3
不可避免,3
长久,3
痛饮,3
会诊,3
抓获,3
积聚,3
应急,3
辩白,3
真知灼见,3
侵扰,3
横挑鼻子竖挑眼,3
插嘴,3
逞,3
测评,3
派驻,3
挟,3
革新,3
手持,3
拆除,3
升,3
涕,3
吹奏,3
长吁,3
赠,3
通缉,3
焦急,3
验,3
死缠,3
抵御,3
偷笑,3
录用,3
首肯,3
心安理得,3
忐忑不安,3
不经心,3
霸占,3
恰当,3
摧毁,3
教训,3
自制,3
释然,3
索,3
发扬光大,3
奖掖,3
不见,3
推辞,3
顽固,3
畅,3
置身,3
建交,3
发令,3
督查,3
慰劳,3
答礼,3
惊喜,3
自得,3
沮丧,3
脱离,3
信不过,3
狐疑,3
心甘情愿,3
散,3
羞愧,3
安之若素,3
着想,3
撕,3
深具,3
贬抑,3
认出,3
设问,3
减半,3
甚,3
上报,3
出谋献策,3
不信任案,3
反响,3
窝藏,3
驱逐,3
耍心机,3
失言,3
唱反调,3
展出,3
入选,3
面露,3
完整,3
畏缩,3
交战,3
颠复,3
与日俱增,3
放射,3
情至义尽,3
追思,3
相当,3
掘,3
苦,3
隐含,3
世界,3
傻眼,3
追悔,3
一般,3
厌憎,3
呵宠,3
说长道短,3
报应,3
喊停,3
劝诫,3
扬弃,3
催,3
压价,3
无所不言,3
凉,3
匿称,3
兼顾,3
刻,3
救护,3
吟诵,3
狂呼,3
钝,3
扩,3
陪笑,3
倒胃口,3
媚笑,3
剖心置腹,3
毁谤,3
穷迫不舍,3
相似,3
搏斗,3
坚贞,3
扳,3
兑换,3
羞于启齿,3
追尾,3
呛,3
告状,3
评介,3
坦言相告,3
抢白,3
消灭,3
哈哈大笑,3
重返,3
编辑,3
讨伐,3
精研,3
微乎其微,3
赌气,3
溢于言表,3
了然于,3
栽,3
跟着,3
裂,3
恩惠,3
捉,3
逊,3
评点,3
坦陈,3
紧追不舍,3
娇笑,3
挨,3
赞许有加,3
头疼,3
娴熟,3
衔,3
明朗,3
招架不住,3
忿忿不平,3
恍然大悟,3
落泪,3
弄清,3
谈笑,3
挂怀,3
点破,3
得意洋洋,3
佩,3
掐,3
伤心欲绝,3
借款,3
驳斥,3
扬眉,3
呵气,3
无情无义,3
交手,3
看轻,3
惮忌,3
有话,3
嬉皮笑脸,3
不通,3
戏谑,3
详,3
行家,3
出演,3
纵,3
染指,3
不妙,3
细述,3
测验,3
新说,3
开口道,3
咳嗽,3
访谈,3
祭献,3
忧心,3
萌,3
倒退,3
大叫大嚷,3
过度,3
坐视不管,3
贯穿,3
噤若寒蝉,3
堪称,3
低调,3
校正,3
扣押,3
卖账,3
加码,3
结案,3
嘀嘀咕咕,3
留念,3
不置一词,3
例行,3
深受,3
召回,3
复苏,3
帮困,3
展颜,3
邀,3
盟誓,3
接济,3
举举,3
融,3
奸,3
照射,3
细化,3
调度,3
升温,3
借重,3
欲求,3
顺应,3
标,3
施救,3
心中,3
喝骂,3
激,3
轻描淡写,3
趋向,3
倾佩,3
通话,3
传教,3
妄动,3
没法,3
凑,3
掺,3
记挂,3
谋杀,3
软化,3
润色,3
关怀有加,3
习已为常,3
植,3
问罪,3
相容,3
毫不容情,3
回叙,3
付诸,3
下黑手,3
忖,3
珍重,3
油然而生,3
神魂颠倒,3
确诊,3
抽象,3
费心,3
求道,3
甘愿,3
击败,3
许可,3
悲伤,3
禁锢,3
垄断,3
猎杀,3
断定,3
虚情假意,3
闭口不谈,3
胆怯,3
绑,3
捡,3
执礼,3
无价之宝,3
始料未及,3
透彻,3
深重,3
竭尽全力,3
奉迎,3
见效,3
滞后,3
无私奉献,3
闪避,3
窒息,3
逼婚,3
力,3
三心二意,3
敬爱有加,3
声言,3
漏,3
迟疑不决,3
敲响,3
浸淫,3
微妙,3
觉醒,3
好转,3
大叫,3
合法,3
运行,3
喊打喊,3
恋爱,3
虔敬,3
偏好,3
撩拨,3
视若不见,3
宽宏大度,3
怨尤,3
守候,3
暴,3
搂抱,3
惨痛,3
并重,3
措辞,3
粗鲁,3
明晰,3
钟,3
赶尽杀绝,3
无把握,3
旧情未了,3
还手,3
心存余悸,3
固守,3
有情有意,3
转动,3
不可或缺,3
抽血,3
健全,3
贪污,3
揽,3
阻拦,3
打消,3
歌功颂德,3
做鬼脸,3
奉劝,3
探问,3
交口称赞,3
醒悟,3
起色心,3
未了,3
撤出,3
失措,3
渗入,3
招生,3
憨笑,3
新建,3
轮训,3
刹住,3
上浮,3
爽约,3
请安,3
用功,3
慎,3
瞩目,3
郑重其事,3
拍手称快,3
立项,3
徘徊,3
淡薄,3
行政,3
生动,3
打躬,3
核算,3
破解,3
轻举妄动,3
任,3
驯,3
猜度,3
咏,3
拉升,3
大胆,3
絮,3
改称,3
疑忌,3
浓烈,3
麻痹,3
专心,3
啧啧称奇,3
理智,3
自杀,3
施为,3
化验,3
通行,3
积存,3
不得而知,3
报怨,3
查问,3
吟唱,3
死缠活缠,3
思慕,3
先行,3
提亲,3
投送,3
厌弃,3
微微笑,3
追述,3
妨害,3
遥不可及,3
征讨,3
口出秽言,3
喷气,3
寄存,3
指使,3
悔悟,3
投缘,3
耍无赖,3
卫护,3
甩手,3
夸夸其谈,3
移动,3
误诊,3
辞别,3
拯救,3
分级,3
吆三喝四,3
扭曲,3
唾弃,3
自私,3
日思,3
更正,3
申诉,3
泄,3
疑幻疑真,3
禀道,3
鉴赏,3
有目共睹,3
愤懑,3
赌,3
采行,3
找碴,3
忙,3
苦刑,3
梳洗,3
创下,3
冲突,3
素无,3
传唤,3
漠不在乎,3
情意,3
掏心掏肺,3
好意,3
动身,3
硬上弓,3
懂憬,3
辱,3
感想,3
恩断义绝,3
立正,3
眼熟,3
爱情,3
相见,3
普通,3
意味,3
禀明,3
抗命,3
想法,3
放生,3
存心,3
顶嘴,3
甜言蜜语,3
出掌,3
判定,3
亲亲,3
简化,3
哺,3
阴谋,3
庆祝,3
激增,3
闪动,3
公允,3
提点,3
欠欠,3
不搭不理,3
赞道,3
退避,3
忠告,3
拜见,3
迈出,3
失忆,3
面试,3
察看,3
无缘,3
拟定,3
顾盼,3
溺宠,3
请客,3
怒目相对,3
感念,3
自省,3
行窃,3
萦,3
验收,3
初恋,3
敬畏有加,3
有点,3
翻译,3
冷酷无情,3
揉合,3
自问,3
咆吼,3
迟到,3
默念,3
关押,3
痴狂,3
做主,3
灵,3
对立,3
还礼,3
不怀好心,3
贴补,3
若即若离,3
尊崇备至,3
忠贞不渝,3
柔,3
弯身,3
以诚相见,3
好比,3
下诏,3
作践,3
迫迁,3
恶心,3
惩戒,3
无愧于心,3
足,3
分代,3
呼来唤去,3
淹,3
公示,3
休息,3
激怒,3
歪,2
贺道,2
按摩,2
挑挑,2
论功行赏,2
赞誉有佳,2
吞,2
实质,2
缝,2
排摸,2
自查,2
霸,2
不屈,2
仇道,2
导,2
叮,2
出谋划策,2
动之,2
洞若观火,2
呼道,2
比手划脚,2
继,2
解救,2
警示,2
一定,2
口服心服,2
怒喝,2
诺,2
评量,2
求助,2
死缠不,2
形,2
拽,2
商讨,2
软硬兼施,2
兵卫道,2
是否,2
草拟,2
惊疑,2
故技重演,2
摇动,2
百无禁忌,2
戟指,2
气不打一处,2
轻敌,2
包扎,2
钦服,2
献献,2
决不能,2
灌溉,2
手到擒来,2
心寒,2
爱慕有加,2
样子,2
发觉,2
烙,2
一无所用,2
闯进,2
闯入,2
心服口眼,2
不亢不卑,2
言犹在耳,2
遇难,2
依从,2
传经,2
摇尾,2
越雷池一,2
咨询,2
到手,2
判罚,2
下榻,2
彻查,2
惶恐不安,2
上台,2
援引,2
缓慢,2
准许,2
救援,2
丐,2
尊仰,2
浚,2
改建,2
恋战,2
患得患失,2
生涩,2
招惹,2
迷糊,2
相让,2
出场,2
收起,2
查证,2
报请,2
牢骚,2
禁闭,2
落户,2
飨,2
啜,2
尽力而为,2
悭吝,2
不用说,2
凶狠,2
至死不,2
清晰,2
灌服,2
表观,2
多嘴多舌,2
淘汰,2
转岗,2
处刑,2
张榜,2
轻声细语,2
预留,2
不再,2
连哄带骗,2
兄弟,2
取舍,2
略,2
途经,2
住院,2
投保,2
火冒三丈,2
动工,2
处之,2
守法,2
掩掩盖盖,2
对答如流,2
带走,2
号召,2
追施,2
追溯,2
贪婪,2
毫无惧色,2
无师自通,2
整,2
绝缘体,2
一丝一毫,2
富,2
刮目相,2
投资案,2
出游,2
益,2
体味,2
惊羡,2
指教,2
大书特书,2
畅所欲言,2
兴味,2
满怀信任,2
售卖,2
失察,2
蛮横,2
地处,2
探险,2
刻骨,2
无心过问,2
慰勉,2
伏首称臣,2
吉利,2
废,2
再现,2
督,2
放在眼中,2
加分,2
索然乏味,2
辩称,2
从重,2
逐一,2
赖以,2
施仁政,2
查对,2
摸排,2
试点,2
来不得,2
麻痹大意,2
流通,2
不妥,2
抗衡,2
待客,2
出海,2
相连,2
处决,2
贿赂,2
历练,2
玩世不恭,2
求全,2
护养,2
断奶,2
携带,2
磋商,2
聚众,2
用地,2
亏,2
计量,2
输血,2
订立,2
运送,2
标价,2
诚意,2
持以,2
检修,2
拆毁,2
破除,2
拣,2
好似,2
考试,2
超载,2
前往,2
着重,2
平衡,2
躲开,2
拘泥,2
刀,2
参考,2
上攻,2
详细,2
损毁,2
雇佣,2
拜拜,2
抚养,2
速度,2
下海,2
挣脱,2
不合,2
汇集,2
搜救,2
因势利导,2
尽忠尽职,2
合算,2
反攻,2
独占,2
苏醒,2
忽冷忽热,2
急于求成,2
拜伏,2
陪礼,2
掌教,2
去粗取精,2
豢养,2
眩,2
耐烦,2
受让,2
招安,2
徇私,2
看多,2
剃,2
摘发,2
留给,2
感激涕,2
捐,2
置信,2
沾,2
鸣笛,2
裁撤,2
收入,2
判明,2
来临,2
混乱,2
能够,2
看不上眼,2
有恩者,2
注释,2
过关,2
任其自流,2
结算,2
一概而论,2
批示,2
精,2
跃跃欲试,2
有方,2
排山倒海,2
填报,2
装备,2
盘点,2
切实可行,2
贪得无厌,2
看穿,2
慢,2
都,2
租借,2
自理,2
建房,2
开窍,2
盛开,2
梳发,2
欢歌,2
录像,2
拘捕,2
属实,2
清点,2
办学,2
开创,2
作画,2
大发,2
面向,2
下嫁,2
揪,2
高谈,2
嘶鸣,2
小改,2
拒而不见,2
镶,2
巧笑,2
喝酒,2
狂妄,2
用得着,2
灵活,2
诛,2
出门,2
提不,2
考据,2
戏说,2
免税,2
升官,2
明智,2
诵读,2
放置,2
赶来,2
打发,2
称谓,2
保质,2
终结,2
亢奋,2
弱,2
贯注,2
录音,2
精神,2
留样,2
危机,2
牢记,2
人生,2
突发,2
光采,2
管辖,2
开掘,2
烂,2
破裂,2
挥打,2
疲劳,2
侵,2
掺杂,2
相位,2
斜,2
供货,2
逝去,2
肿,2
平平,2
两面三刀,2
白,2
套购,2
根,2
采摘,2
坑害,2
罪,2
费时,2
周转,2
酿成,2
吹气,2
事,2
说笑,2
兴叹,2
送检,2
化解,2
拖延,2
节约,2
查考,2
除外,2
发怵,2
石头,2
依托,2
使唤,2
瘫痪,2
受损,2
怜措,2
厉害,2
指指划划,2
历经,2
一心一意,2
仁义,2
负义,2
早,2
说短道长,2
粗,2
附设,2
购置,2
翻番,2
创业,2
检点,2
谈天,2
慷慨大方,2
入门,2
无愧,2
锦上添花,2
品茗,2
毫无例外,2
哼哼,2
没法子,2
成熟,2
检疫,2
挞,2
流涕,2
上前,2
追缴,2
详解,2
知之甚详,2
加剧,2
紧要,2
欠缴,2
正,2
豁然开悟,2
惶恐,2
倾囊相助,2
措施,2
减仓,2
克,2
贪心,2
殉情,2
装睡,2
优先,2
断章取义,2
起伏,2
猎捕,2
逃匿,2
谦虚,2
欠帐,2
天真,2
度量,2
唬,2
痛哭,2
假借,2
横加侮辱,2
呼来,2
横征暴敛,2
裁定,2
没害,2
答话,2
旨在,2
战无不胜,2
谜,2
看开,2
冷眼旁观,2
追根究底,2
易地,2
立志,2
下定决心,2
立身,2
汲取,2
耐受,2
温柔体贴,2
炮击,2
除,2
会面,2
判别,2
匡正,2
劈头盖脸,2
进站,2
丢失,2
无所作为,2
蓄,2
寻问,2
觉着,2
献祭,2
追涨,2
恶化,2
漠,2
种植,2
蒙受,2
规规矩矩,2
料理,2
找寻,2
亲临,2
鲜有,2
中肯,2
无畏,2
不管,2
抽样,2
隐瞒不,2
犹豫不定,2
环顾,2
旅游,2
施肥,2
刺目,2
署,2
固,2
对得起,2
诚心,2
下口,2
恭恭敬敬,2
一无所惧,2
打遍,2
大呼,2
相待,2
治愈,2
不求甚解,2
依恃,2
搬弄,2
冲撞,2
出身,2
吹吹拍拍,2
恭维备至,2
穿越,2
不为所动,2
不灵,2
怒目瞪视,2
噙,2
死缠活黏,2
体贴有加,2
火上加油,2
悬,2
避重就轻,2
风流,2
赞许有佳,2
作祟,2
微,2
获胜,2
不闻不见,2
清醒,2
去职,2
闪躲,2
抑,2
言过其实,2
自在,2
无以为,2
探听,2
尊宠,2
鬼吼鬼叫,2
照护,2
对答,2
划清,2
孤立,2
驻足,2
闻问,2
罢,2
赠予,2
目而视,2
缺席,2
问责,2
包购包销,2
心惊胆战,2
克尽妇道,2
剧毒,2
过滤,2
忿恨,2
刺杀,2
荡漾,2
熟捻,2
吃味,2
好气,2
优渥,2
服帖,2
决绝,2
羞,2
十分,2
丧,2
疯,2
指令,2
横加阻挠,2
笑脸,2
遥控,2
储备,2
武断,2
反唇相讥,2
吹笛,2
飞扑,2
呼吸,2
生怯,2
合用,2
大恩大德,2
噬,2
威逼,2
熬,2
啧啧称,2
凝想,2
斥骂,2
抚触,2
充耳未闻,2
无可置疑,2
心领,2
失神,2
佯作,2
传承,2
摸摸,2
昂,2
话,2
意料,2
礼待,2
罗列,2
感佩,2
情欲,2
细语,2
不假,2
惟恐,2
一见生情,2
会意,2
较,2
痛下狠手,2
谈道,2
改命,2
拈,2
祝祷,2
盟,2
打交道,2
置之度外,2
膺服,2
基本,2
难题,2
封杀,2
目测,2
来函,2
欣欣向荣,2
百利而无一害,2
一览无遗,2
妄图,2
殉职,2
修建,2
讲情面,2
收听,2
扣发,2
用人,2
开工,2
疑惧,2
看得见,2
理想化,2
苛,2
嫉恨如仇,2
略带,2
喷火,2
生财,2
大事,2
瞬,2
笑咪咪,2
心怀好意,2
吵嚷,2
惊慌失措,2
看不到,2
冰释,2
不了了之,2
恩断情绝,2
故计重施,2
毫发无损,2
杀无赦,2
收拾,2
重温,2
美好,2
建国,2
强大,2
侃侃,2
发光,2
大发慈悲,2
至关重大,2
时好时坏,2
欲望,2
知无不言,2
握手,2
打官司,2
完备,2
习,2
准入,2
辟,2
调配,2
盘剥,2
扎,2
决断,2
不懂装懂,2
加成,2
保胎,2
督导,2
休战,2
解析,2
丢弃,2
应当,2
来去,2
慈善,2
捐助,2
却步,2
交融,2
集结,2
投产,2
登载,2
介于,2
将,2
迁入,2
奋,2
只闻其名,2
抹杀,2
上学,2
乐,2
乘车,2
上课,2
执念,2
志,2
思量,2
俨如,2
慎用,2
精耕细作,2
洗耳恭听,2
游,2
任劳任怨,2
危及,2
铁面无私,2
国家,2
推三阻四,2
姐姐,2
弥漫,2
造福,2
适于,2
查找,2
上访,2
骗财,2
锤炼,2
腐烂,2
出庭,2
折腾,2
磨炼,2
忍道,2
关乎,2
迫近,2
满腔热忱,2
采样,2
粘贴,2
患有,2
施工,2
迈,2
归还,2
离岗,2
无理取闹,2
挪用,2
腾升,2
致病,2
切除,2
奉陪,2
不得,2
叉,2
布设,2
引荐,2
出让,2
祝,2
传输,2
下浮,2
选送,2
创建,2
滑头,2
奋身,2
出动,2
比照,2
停电,2
低吸,2
葆有,2
保管,2
空投,2
有期徒刑,2
扩展,2
救治,2
挥泪,2
化语,2
量化,2
事关,2
列出,2
激动不已,2
任教,2
抗日,2
加用,2
眠,2
有得,2
招揽,2
品味,2
不忍,2
诛杀,2
丛生,2
预演,2
凭吊,2
删,2
有备而来,2
听到,2
可笑,2
无辜,2
百听不厌,2
调换,2
驱赶,2
拍手叫好,2
盯住,2
见惯不惊,2
见惯不怪,2
超前,2
付诸一笑,2
详说,2
筹集,2
恸哭,2
创办,2
权衡,2
康复,2
深翻,2
商议,2
裁决,2
含泪,2
饲养,2
鸣叫,2
等候,2
蠢动,2
狂奔,2
迎头痛击,2
剥,2
非常,2
浮想翩翩,2
搜集,2
不顾一切,2
好笑,2
不妨,2
考上,2
现实,2
主宰,2
适,2
恍如,2
生出,2
洽谈,2
互相残杀,2
恪尽,2
踌躇满志,2
减去,2
忍无可忍,2
雄才大略,2
去说,2
襟怀坦白,2
难辞其咎,2
开立,2
凝爱,2
吃不消,2
庭审,2
申辩,2
不可磨灭,2
共享,2
后顾之忧,2
欠款,2
拟订,2
落阱下石,2
抵死不,2
逊色,2
探知,2
装成,2
用情,2
简称,2
根深蒂固,2
反观,2
捕食,2
恭谦礼貌,2
佻达,2
催婚,2
反压,2
迷惘,2
反常,2
陷害,2
分出,2
透支,2
无可替代,2
燃烧,2
重振,2
攻打,2
管控,2
发散,2
口服心不服,2
禁区,2
点燃,2
耽误,2
衰退,2
别具用心,2
一扫而过,2
养护,2
鸣放,2
评述,2
去除,2
颤栗,2
望而止步,2
退避叁舍,2
忠贞不移,2
踢打,2
拢,2
统帅,2
指称,2
迟,2
铺展,2
禅,2
反目,2
终止,2
铺陈,2
排练,2
生嫩,2
掩藏,2
薄情,2
抢攻,2
勘探,2
举牌,2
叫苦,2
效命,2
薄弱,2
下咽,2
体罚,2
进发,2
延续,2
为时,2
长鸣,2
无能,2
要约收购,2
奉们,2
炽爱,2
摆动,2
绵绵,2
脱皮,2
接轨,2
纠偏,2
升高,2
所知无几,2
蔑,2
军事占领,2
防护,2
唤道,2
发文,2
掩,2
无比,2
浮起,2
大声道,2
逛,2
无可挑剔,2
罔,2
致信,2
带领,2
纵横,2
通航,2
竞,2
佯称,2
盛行,2
侵袭,2
详谈,2
怔忡,2
尽忠尽责,2
兴越,2
砌,2
查看,2
铭记在心,2
叉腰,2
胆战心惊,2
怔,2
诱导,2
珍,2
醉心,2
糟,2
凝,2
鞭长莫及,2
仰慕有加,2
仁爱,2
无度,2
若无其事,2
自圆其说,2
孜孜以求,2
行功,2
源于,2
楞,2
不怎么样,2
懊丧,2
抵赖,2
怎么,2
心悸,2
无所不窥,2
痛心疾首,2
含糊其词,2
挽回,2
卫,2
放水,2
鞭策,2
揉搓,2
概述,2
忧心如焚,2
命,2
怒目以视,2
通风,2
打扫,2
举例,2
落墨,2
晴天霹雳,2
刮目相视,2
动作,2
闪耀,2
打气道,2
干说,2
耍阴,2
展览,2
并,2
敲诈,2
澄道,2
政府,2
逃窜,2
忿忿,2
愚,2
撇清,2
向着,2
青眼有加,2
诚心诚意,2
难忘怀,2
衔恨,2
设身处地,2
当兵,2
喝望,2
无畏无惧,2
叱责,2
鬼迷心窍,2
小瞧,2
抚,2
虚荣,2
绑架,2
长恨,2
克守,2
狂,2
眨动,2
衔接,2
切断,2
发嗲,2
校,2
平静,2
拍桌,2
剖心,2
捕头,2
弹弹,2
阐明,2
张嘴,2
戒慎,2
痛哭流涕,2
铲,2
灵通,2
誉,2
告退,2
上马,2
赔礼,2
形同,2
自言自语,2
晋级,2
交锋,2
动干戈,2
炽烈,2
惊骇,2
主,2
不舍,2
翘首以待,2
返,2
纯属,2
交配,2
戏耍,2
停课,2
增派,2
追缉,2
精确,2
进出口,2
营运,2
劫掠,2
怵,2
关门,2
同,2
相对,2
编印,2
淡化,2
移植,2
启用,2
延期,2
阉割,2
绝无,2
售出,2
驯化,2
枪杀,2
状告,2
满心欢喜,2
败,2
涂抹,2
辟谣,2
作成,2
抄袭,2
审读,2
挂钩,2
投毒,2
编排,2
卸货,2
转达,2
交给,2
盛传,2
自闭,2
说空话,2
怂恿,2
凶恶,2
争执不休,2
辞职,2
付款,2
拴,2
大不如前,2
赖,2
扩容,2
留有,2
抽筋,2
离婚,2
罢赛,2
知觉,2
负咎,2
让利,2
看出,2
眼,2
知之甚微,2
测谎,2
重创,2
久闻其名,2
追赶,2
献策,2
谆谆教导,2
山盟海誓,2
怒叫,2
冷冻,2
传讯,2
坚强,2
鼎力相助,2
补救,2
姑息放纵,2
大逆不道,2
救命之恩,2
恋慕,2
玩花样,2
融化,2
削减,2
沉溺,2
乘,2
掺杂使假,2
转入,2
主持,2
批发,2
取暖,2
修缮,2
获释,2
力争取,2
沾边,2
悲叹,2
定案,2
监护,2
定制,2
悔疚,2
独断,2
加刑,2
突袭,2
恩重如山,2
思德,2
没意思,2
来去自如,2
说破,2
遇见,2
回馈,2
忠厚,2
有所图,2
改换,2
疾呼,2
拒斥,2
恩宠备加,2
投递,2
战栗,2
粉饰,2
横加责难,2
寒,2
火,2
忠于,2
胡,2
无私,2
分享,2
横眉竖眼,2
犯愁,2
盼,2
挚爱,2
问诊,2
伏地,2
下滑,2
欠债,2
安静,2
贫嘴,2
演技,2
革职,2
专宠,2
计税,2
照搬,2
怜怜,2
常事,2
围堵,2
粲,2
刻骨相思,2
战,2
修剪,2
授信,2
获益,2
改组,2
吓唬,2
寻常,2
紧握,2
寸步不离,2
冲刺,2
轻贱,2
厌恨,2
吊儿郎当,2
告密,2
爆出,2
神,2
愤愤,2
谦,2
操劳,2
瞠目,2
公说,2
欢呼雀跃,2
因公殉职,2
深深,2
扬露,2
发横,2
报名,2
归结,2
夺冠,2
擎,2
不善,2
弃置不顾,2
变质,2
情深意厚,2
语焉不详,2
冒险,2
过时,2
探微,2
流逝,2
选修,2
呵怜,2
生死,2
求教,2
理所当然,2
起死回生,2
侍奉,2
浸,2
加诸,2
忘掉,2
以诚相待,2
追逼,2
再生,2
超脱,2
顿,2
情绪化,2
残暴,2
够用,2
厚,2
密而不宣,2
算数,2
守秘,2
压倒,2
买单,2
比拟,2
矢志,2
低诉,2
不甘,2
相告,2
惜别,2
过硬,2
称重,2
供养,2
分手,2
伴生,2
根之入骨,2
高抬贵手,2
急迫,2
跌,2
汇款,2
消受,2
真情,2
下咒,2
轻佻,2
亮相,2
明褒暗贬,2
沿用,2
独创,2
议,2
邪笑,2
诱降,2
不成,2
布,2
招标,2
曲意成全,2
搂搂抱抱,2
吼吼,2
包夹,2
提价,2
低呼,2
小菜,2
救济,2
首创,2
用尽,2
下水,2
惊悸,2
济,2
垂顾,2
关照备至,2
心生,2
得当,2
轻饶,2
遍,2
迎娶,2
敬畏备至,2
收紧,2
睁眼,2
嬉笑,2
装扮,2
助涨,2
殖民,2
把守,2
拔刀,2
羞耻,2
朝贡,2
追讨,2
订做,2
抑杀,2
派发,2
涉案,2
交售,2
独,2
鞭,2
远征,2
发火儿,2
群起而攻之,2
入骨,2
计数,2
盘驳,2
勃起,2
脱节,2
容让,2
出没,2
听证,2
审结,2
加封,2
打断,2
如痴如迷,2
简政放权,2
一无所见,2
捕获,2
大彻大悟,2
点明,2
诚惶诚恐,2
恩尽义至,2
惟命是从,2
接收,2
据实以告,2
灾难性,2
休整,2
调价,2
蹦,2
摆谱,2
动刀,2
收复,2
知错,2
俯首称臣,2
发飘,2
语出不逊,2
学有专精,2
畏缩不前,2
挡住,2
讲演,2
接见,2
搔首弄姿,2
再造,2
侧目以,2
建构,2
协作,2
网开,2
共计,2
通吃,2
慰藉,2
看跌,2
拜托,2
弱化,2
切齿,2
视而下见,2
自知,2
发落,2
好评,2
郑重,2
呼呼喝喝,2
肤浅,2
流出,2
不管不问,2
惩,2
胜出,2
瓜分,2
庄重,2
套近乎,2
青睬有加,2
别扭,2
邪恶,2
希冀,2
炼,2
标示,2
赤诚,2
慷慨解囊,2
昏,2
死缠不休,2
侃,2
实习,2
惊叫,2
低低,2
捎,2
有事,2
审慎,2
纳,2
抬头,2
挤眉笑道,2
缠,2
作难,2
激烈,2
上下其手,2
不足为害,2
成竹在胸,2
冷感,2
问心无愧,2
翘首,2
糟践,2
有请,2
破晓,2
归来,2
独具慧眼,2
封存,2
瞧看,2
偏离,2
射杀,2
企及,2
暗访,2
捐献,2
不堪,2
散播,2
征缴,2
撒网,2
组,2
挂记,2
审评,2
乐趣,2
慌,2
再审,2
默,2
逾期,2
对应,2
固定,2
作孽,2
提振,2
平仓,2
灿笑,2
除草,2
焚,2
蕴含,2
扫荡,2
点穴,2
不怀好感,2
发病,2
授业,2
检,2
提出来,2
逾礼,2
下发出,2
下旨,2
善道,2
嵌,2
营救,2
点头道,2
避之,2
修整,2
心爱,2
关键性,2
修好,2
敬献,2
上手,2
自诩,2
肝胆相照,2
流血,2
炙,2
度过,2
抢劫,2
眷爱,2
起身,2
同仇敌忾,2
白费,2
被动,2
闲聊,2
宠信有加,2
尽诉,2
悲痛欲绝,2
绘制,2
置若阁闻,2
容气,2
不及,2
言语,2
劝酒,2
藕断丝连,2
电钦,2
冤恨,2
站立,2
订阅,2
咀嚼,2
过目,2
屈尊俯就,2
迸,2
传诵,2
不放在眼里,2
毛手毛脚,2
自满,2
青眼,2
展翅,2
崇高,2
随声附和,2
做为,2
及,2
一笔勾销,2
保驾,2
挡,2
漠不相关,2
心悦臣服,2
靠拢,2
设法,2
打针,2
揉捏,2
到访,2
狙击,2
推开,2
媚,2
应许,2
更改,2
收治,2
欢乐,2
口沫横飞,2
清扫,2
清剿,2
伤亡,2
同化,2
依重,2
倚,2
看守,2
再见,2
兼而有之,2
蚕食,2
焦虑,2
态度,2
确信不疑,2
逼宫,2
倾囊相授,2
出任,2
扇,2
托付终身,2
吭声,2
既往不咎,2
舒,2
误,2
惋叹,2
咄咄相逼,2
不堪回首,2
解构,2
说了算,2
彻悟,2
蠢,2
浪漫,2
驱使,2
易感,2
复归,2
别有所图,2
出走,2
加注,2
颐措气使,2
诚,2
睥睨,2
找回,2
毒,2
起名,2
挤眉,2
卖命,2
够意思,2
怠,2
打埋伏,2
谈情,2
赤诚相见,2
高明,2
肆虐,2
一无所恋,2
一本正经,2
罗嗦,2
干瞪眼,2
印证,2
感清,2
吟诗,2
作戏,2
来上,2
诉诉,2
想想,2
持之以恒,2
讨饶,2
守约,2
魂牵梦索,2
守信用,2
紧追,2
纯洁,2
着魔,2
踮,2
载,2
吸取,2
可靠,2
举无轻重,2
坦承不讳,2
起步,2
偷窥,2
看顾,2
显而易见,2
理想,2
红,2
替代,2
抗诉,2
怀旧,2
专心一意,2
玩儿,2
赢,2
垂泪,2
复辟,2
恋恋,2
好受,2
巡逻,2
俯首帖耳,2
专情,2
宽慰,2
陌生人,2
干依百顺,2
拱拱手道,2
对照,2
易,2
枪决,2
赔罪,2
上调,2
说情,2
生存,2
偷,2
呵宠备至,2
讲和,2
忘情负义,2
罪恶,2
自拔,2
口出不逊,2
卓有成效,2
卑躬躬屈膝,2
搏,2
扯谎,2
闭口不,2
荼毒,2
优,2
无情无意,2
陷于,2
报效,2
高攀,2
降息,2
度儿,2
伸予,2
吃力,2
所属,2
看得,2
至上,2
考较,2
全面,2
温习,2
毫发,2
如愿以偿,2
删繁就简,2
打气,2
初识,2
无法言表,2
转会,2
备受,2
施惠,2
惧恨,2
度,2
问话,2
值钱,2
学有,2
受创,2
有愧于,2
惊扰,2
庆贺,2
起码,2
无声,2
行礼如仪,2
心碎,2
竖立,2
耍酷,2
变卦,2
痴心妄想,2
打招,2
精打细收,2
奉上,2
肆行,2
好言,2
往,2
交往,2
诃责,2
溺爱有加,2
予取予求,2
穷追不捨,2
丰盛,2
找麻烦,2
翻开,2
道德,2
偏执,2
有的是,2
孳生,2
撇嘴,2
针锋相对,2
畏服,2
孺慕,2
赏罚分明,2
高不可攀,2
人道,2
移情,2
谦逊,2
担虑,2
担当,2
敌意,2
索然无味,2
爱怒,2
索求,2
抒,2
不择手段,2
锐减,2
恨之,2
聊天,2
叨,2
申说,2
逼害,2
献计,2
迎来,2
束之高阁,2
回敬,2
恐,2
希罕,2
弃如敝屐,2
严阵以待,2
吆,2
折抵,2
难为情,2
施刑,2
喃,2
逢场作戏,2
心灰意冷,2
操之过急,2
泯,2
哭悼,2
召,2
蛊惑,2
直奔,2
颦,2
追恋,2
一如既往,2
以身相许,2
亲见,2
引以为豪,2
袒裎,2
一无所觉,2
吁叹,2
无以为报,2
映照,2
嗔道,2
暴怒,2
妙,2
过誉,2
宽容以待,2
赦,2
嚼,2
显灵,2
趾高气扬,2
怨怒,2
擅于,2
霸王硬上弓,2
乐观其成,2
怜疼,2
哺哺,2
关紧要,2
随访,2
旷工,2
标注,2
射箭,2
唾骂,2
擢升,2
亲蜜,2
偏心,2
位于,2
旋,2
难以释怀,2
相处,2
敬意,2
吵架,2
动笔,2
生硬,2
准确,2
无法忍受,2
宽大处理,2
坦诚相待,2
假意,2
说不上,2
龇牙咧嘴,2
沸腾,2
反胃,2
转告,2
作梗,2
读书,2
充斥,2
打赌,2
赞赏不已,2
甘休,2
灵验,2
被捕,2
较真,2
讳言,2
和约,2
饮酒,2
风闻,2
掩映,2
报价,2
惊人,2
探寻,2
瞎扯,2
主导,2
覆,2
奴役,2
联络,2
熏陶,2
助益良多,2
空竞,2
巧笑倩兮,2
幽,2
孕育,2
转播,2
当头一棒,2
饮慕,2
编制,2
征用,2
出尔反尔,2
变节,2
心醉神驰,2
忤逆,2
问询,2
钦羡,2
着装,2
识破,2
谈判,2
预知,2
求告,2
给出,2
推升,2
适可而止,2
衍,2
内化,2
咏叹,2
收刮,2
惶惶不安,2
馀,2
拟议,2
派兵,2
建言,2
看涨,2
预谋,2
快乐,2
荣立,2
居多,2
腌,2
声援,2
伴随,2
丑化,2
合十,2
接入,2
广,2
融为一体,2
热乎,1
偎,1
咒,1
张牙怒目,1
牢,1
成见,1
啸吼,1
小意思,1
恶言,1
赞口,1
思思念念,1
失口,1
论争,1
当家,1
来歙,1
满腹疑惑,1
探头,1
童心未泯,1
算作,1
开矿,1
抵近,1
叽哩咕噜,1
歌,1
惨败,1
嗔怪,1
称帝,1
瞪目,1
盯看,1
发声,1
附合,1
合掌道,1
监呼,1
禁烟,1
大有,1
敬志,1
开道,1
纳说,1
叛国,1
乞,1
屈尊下嫁,1
劝勉有加,1
自叹弗如,1
射说,1
渗和,1
施体说,1
捱,1
命运攸关,1
不忿,1
诉苦道,1
探花,1
天花乱坠,1
消释,1
晓之以礼,1
隐生,1
赞声鹊起,1
只字未及,1
罪行,1
罢官,1
过境,1
缠绵,1
真迹,1
行径,1
悉心,1
淡然浅笑,1
收获,1
道道说,1
逼问,1
大快人心,1
控罪,1
嫉羡,1
出局,1
监,1
动之以,1
咬牙,1
恭身,1
报批,1
口出怨言,1
苦道,1
愤火,1
约见,1
扑面扫,1
一无处分,1
若,1
可望而不可即,1
坦然相告,1
暗喜,1
细数,1
余情,1
绡,1
拢络,1
貌合神离,1
震佩,1
铭感于心,1
摆头,1
勾肩搭背,1
意味深长,1
譬如此,1
油生,1
遇刺,1
分分合合,1
萦绞,1
不堪一击,1
表面,1
激战,1
力主,1
怒叱,1
直乎其名,1
首演,1
人选,1
多多益善,1
白说,1
人尽皆,1
毁灭性,1
深信无疑,1
前进,1
绝非,1
剿,1
决非,1
开进,1
略而不,1
动口,1
补帖,1
始发,1
关怀入微,1
委,1
相亲,1
荐,1
补益,1
一望无尽,1
奢谈,1
梦萦魂绕,1
册封,1
促成,1
截获,1
不战而胜,1
独占鳌头,1
汇总,1
点名道姓,1
起草,1
可想而知,1
创立,1
礼赞有加,1
加派,1
助推,1
沉陷,1
炼字,1
检证,1
注音,1
研钻,1
水深火热,1
认购,1
炎症,1
发挥挥手,1
潜,1
理性,1
懂懂,1
行车,1
深怀着,1
听听,1
通辑,1
心有余,1
道贺志喜,1
掣,1
节余,1
强身,1
需之若渴,1
开疆拓土,1
请罪道,1
吐丝,1
选作,1
收缴,1
道访,1
迷住,1
思重如山,1
到货,1
不怀,1
反其,1
收种,1
变革,1
刻苦,1
说不,1
过眼,1
有妨,1
菲薄,1
无惧无畏,1
退却,1
沾唇,1
婉谢,1
既往,1
虬,1
冲蚀,1
补缴,1
拟建,1
风风火火,1
退换,1
消磁,1
晓之以情,1
踱,1
讲说,1
指派,1
置于死地,1
拒收,1
贬逐,1
并且,1
偷工减料,1
对阵,1
战速决,1
出勤,1
集权,1
采出,1
每案必究,1
出借,1
扫讨,1
遗漏,1
蒙劫,1
饱受,1
详尽,1
浸润,1
日前,1
掺杂掺假,1
死敌,1
采脂,1
堆放,1
支取,1
闲居,1
存忠,1
沿革,1
漆划,1
任用,1
遵崇,1
失修,1
缔造,1
护送,1
群体,1
患者,1
计收,1
可能性,1
名,1
维生,1
踌踌蹰蹰,1
嗽嗽,1
过户,1
点到为止,1
精进,1
半,1
孜孜不倦,1
不少,1
数量,1
预定,1
买主,1
丈量,1
裁判,1
缩手缩脚,1
生搬硬套,1
祝酒道,1
抒情化,1
分布,1
阻断,1
订票,1
联名,1
瞅不睬,1
名噪天下,1
选题,1
忠城,1
倒地,1
行包,1
掩护,1
晒,1
激愤,1
残酷无情,1
应战,1
酣,1
累犯,1
任意摆布,1
接到,1
猛增,1
督办,1
募集,1
临近,1
禁猎,1
办证,1
升入,1
诉称,1
立即,1
排险,1
诡诈,1
就事论理,1
求学,1
只怕,1
犁,1
倒伏,1
缉捕,1
占压,1
居留,1
翻墙,1
显耀,1
口承,1
避风,1
聚集,1
无利可图,1
不绝如缕,1
游乐,1
贩卖,1
深悉,1
撕脱,1
宫,1
落伍,1
孝子,1
骋服,1
尽职尽孝,1
吉日,1
相约,1
侮辱性,1
赴宴,1
强行,1
采信,1
同时,1
无能为害,1
杀畏,1
栓释,1
驽钝,1
入股,1
见微知,1
密切,1
釜底抽薪,1
哄抢,1
交煎,1
直率,1
心服口不服,1
获准,1
自给,1
牟取暴利,1
尽量,1
局限,1
则,1
所得,1
拦截,1
虎视耽耽,1
防救,1
庞杂,1
入出境,1
见识,1
雀跃欲试,1
无所不食,1
插一手,1
无怨无仇,1
望而兴叹,1
备致,1
任事,1
自查自纠,1
医,1
综合治理,1
姑妄听之,1
短缺,1
矮,1
侦,1
祸害,1
正经,1
校订,1
量力而行,1
选购,1
雇,1
凸现,1
动心不已,1
暧昧,1
格杀勿论,1
轻言,1
簇射,1
评奖,1
种养殖业,1
失势,1
百利无害,1
标本兼治,1
严禁,1
倒是,1
过筛除,1
定货,1
附言,1
后悔莫及,1
牢固,1
分期,1
梦牵魂萦,1
口吃,1
潜移默化,1
苦心孤诣,1
了望,1
跨年度,1
指名道姓,1
临走,1
电解,1
换发,1
打尖,1
理由,1
鸣不平,1
争辩不休,1
若狂,1
倒楣,1
终身,1
扶掖,1
研判,1
欲说还休,1
情根,1
打打杀杀,1
观赏,1
促癌,1
作战记,1
相当于,1
不置一辞,1
绿化,1
哀怜,1
竭尽心力,1
护驾,1
咂咂,1
致关,1
离休,1
探亲,1
抢走,1
选型,1
喜庆,1
暗奇,1
俱有,1
毫不动容,1
垂示,1
鸣号,1
宠物,1
煮,1
虚拟,1
串联,1
相拼,1
势在必争,1
诊疗,1
万,1
格局,1
营私,1
举证,1
存储,1
搁置,1
查禁,1
破损,1
停运,1
共振,1
起点,1
经心,1
丧亡,1
自不待言,1
容息,1
缴费,1
击退,1
一诺千金,1
许配,1
拥堵,1
势在必行,1
纠,1
分派,1
配对,1
栽种,1
增删,1
投人,1
冲锋陷阵,1
退赔,1
查访,1
于事无补,1
屁,1
百依,1
自奉,1
戒烟,1
如下,1
报送,1
继任,1
嗔怒,1
收录,1
开伙,1
演进,1
逢,1
贫下中农,1
布局,1
无方,1
撤职,1
充实,1
搁浅,1
照影,1
出险,1
吹吹牛,1
情不自禁,1
穿衣,1
妆,1
理理,1
妆点,1
拭,1
妆扮,1
妆饰,1
封穴,1
通令,1
诗情流水,1
魔魔症症,1
剔杂除芜,1
拓,1
着力,1
就诊,1
接诊,1
接水,1
诣,1
驱散,1
迁移,1
距,1
发愤,1
减税,1
复耕,1
开路,1
造景,1
集体,1
市民,1
计入,1
目眩神驰,1
种田,1
聘用,1
撩,1
进货,1
发票,1
诱发,1
晚点,1
睡眠,1
取出,1
垦拓,1
开机,1
呜叫,1
长嘶,1
市场准入,1
送入,1
挂帐,1
养猪,1
焚烧,1
函复,1
阅办,1
诧闷,1
运往,1
做空,1
寻寻,1
冷凝,1
更新换代,1
分型,1
无济,1
斥斥,1
洗劫,1
危言耸听,1
须要,1
哽哽咽咽,1
滚落,1
力戒,1
遗命,1
遗留,1
失语,1
发想,1
叩击,1
痛切,1
市,1
荣辱,1
优秀,1
定职定责,1
走老路,1
留种,1
缺考,1
默然不,1
着笔,1
不啻,1
陷阱,1
开阔,1
聘任,1
无穷尽,1
吃吃,1
采伐,1
聘,1
错过,1
纳税,1
用途,1
睃,1
杀道,1
好象,1
道理,1
修车,1
直到,1
群起,1
、压案不办或设置障碍、阻挠，更,1
邮寄,1
之,1
房源,1
特困,1
拍拍手,1
裁剪,1
轻声,1
播报,1
和善有加,1
填写,1
解雇,1
基轴,1
调训,1
随着,1
顾惜,1
掌故,1
进步,1
进账,1
喝止,1
追诉,1
抵死,1
挑三捡四,1
默示,1
焦,1
笑容满面,1
减低,1
结纳,1
课以重刑,1
借宿,1
顾不得,1
咏诵,1
无所不从,1
公愤,1
安份,1
躲藏,1
停办,1
过目皆,1
何用,1
外发,1
流畅,1
切齿痛恨,1
饱以,1
死心扬地,1
随侍,1
回去,1
啜泣,1
摊摊,1
咂,1
复用,1
幸存,1
出工,1
胆敢,1
以权谋私,1
好人好事,1
懒散,1
全身上下,1
党组织,1
临危不惧,1
场面,1
犯罪案,1
缠夹,1
收效,1
好玩,1
缴付,1
胡作非为,1
中小企业,1
动迁,1
人民,1
念书,1
腐化,1
晓喻,1
实绩,1
送教,1
水利工程,1
欲行不轨,1
骑,1
玩耍,1
居奇,1
陶,1
一窍,1
婚,1
豪气干云,1
深痛欲绝,1
强奸,1
招来唤去,1
惊心,1
敲击,1
搞活,1
很,1
大有人在,1
半文不值,1
马马虎虎,1
不着边际,1
小事,1
一条心,1
誓竭,1
甩开,1
别无他求,1
别无它求,1
痴念不,1
慈悲为怀,1
非同凡响,1
导引,1
显显,1
盲听计从,1
默默无言,1
无非分之想,1
眉来眼去,1
荣耀,1
不止,1
组帮立派,1
无法自拨,1
介乎,1
有空,1
没空,1
生离,1
元,1
相仿,1
杀死,1
叙叙,1
功德,1
一无所助,1
联合体,1
生产力,1
呼来唤,1
晓之以理动之,1
怨声道,1
着自己独特的世界观,1
娇弱,1
酷毙,1
鱼,1
无往不利,1
自持,1
开课,1
情感,1
平铺直叙,1
名名必争,1
分驻,1
发洩,1
来者不惧,1
无可奉告,1
碰上,1
破溃,1
出票,1
转觉,1
溢美之词,1
置喙,1
起手道,1
站定,1
哄哄,1
模范,1
齐家,1
低迷,1
定处,1
挑眩,1
评级,1
滴水不漏,1
演算,1
简明扼要,1
灾难,1
运营,1
筹备,1
奉守,1
为首者,1
冷血无情,1
毒药,1
农副产品,1
减短,1
标贴,1
规模,1
委以,1
讽仿,1
提现,1
减人增效,1
捆绑,1
手续,1
饮鸩止渴,1
麻烦,1
豁然开,1
开悟,1
斩断,1
串门,1
叫卖,1
措置裕如,1
倦恋,1
开荒,1
聚敛,1
窃取,1
抛媚,1
弱者,1
壁炉,1
击毙,1
狡辩,1
变本加厉,1
上上下下,1
自力更生,1
引录,1
致死,1
记记,1
丰产,1
惜墨如金,1
倒塌,1
作业,1
运输,1
村,1
天赋异禀,1
流向,1
爱语,1
阻扰,1
扭送,1
挑动,1
甘当,1
侨商,1
劳心,1
烧灼,1
乖戾,1
颂祷,1
侮谩,1
暗袭,1
要是,1
苟求,1
呼东唤西,1
走对了路,1
叹喟,1
葆,1
解嘲,1
天使,1
挑求,1
揣,1
孤独,1
开敞,1
谦卑,1
温蔼,1
曝,1
音容笑貌,1
深不可测,1
趾高气昂,1
重利忘义,1
仁厚,1
高山仰止,1
入院,1
格杀毋论,1
假以,1
爽朗,1
生杀予夺,1
果决,1
三思而后行,1
疏忽大意,1
乖顺,1
只求,1
委员会,1
外包,1
行医,1
减排,1
总,1
有章可循,1
踏实,1
申饬,1
淌,1
应选,1
掺和,1
滥砍滥伐,1
调处,1
静默,1
比不得,1
变通,1
分立,1
挤占,1
咬紧牙关,1
开张,1
未尝,1
执行者,1
侵让,1
闻风而动,1
横眉立目,1
短斤缺两,1
亦步亦趋,1
奉承拍马,1
点击,1
环,1
给于,1
欢庆,1
补缺,1
货比三,1
调试,1
游离,1
插秧,1
合股,1
联办,1
击打,1
齐备,1
野蛮,1
狩猎,1
不予置理,1
离魂道,1
亲眼,1
抖,1
宛似,1
酸疼,1
漫不在乎,1
不慌不忙,1
卿卿我我,1
对不起,1
磨合,1
唠唠叨叨,1
付诸执行,1
上档次,1
同志,1
想往,1
嗟叹,1
威慑,1
同理,1
对偶,1
上交,1
似听非听,1
感情,1
已,1
裁,1
祈星,1
在于,1
朗朗上口,1
剪除,1
谆谆告诫,1
研审,1
届满,1
悖,1
涩,1
昭告,1
赶赴,1
选派,1
在读,1
听其自然,1
哑然失笑,1
婆婆妈妈,1
适销,1
分而治之,1
道明,1
保真,1
远在,1
卖帐,1
老实相,1
涵益,1
到期,1
罚没,1
轻骑,1
酬,1
乱来,1
马后炮,1
抱拳行礼,1
收效甚微,1
巡礼,1
诵,1
立意,1
修进,1
未经,1
夹风带雨,1
过人,1
催笑,1
自命不凡,1
蜻蜓点水,1
冥思苦想,1
审验,1
滚瓜烂熟,1
敢言直谏,1
有识之士,1
留观,1
侧,1
叱问,1
句,1
打骂有加,1
蹬,1
低垂,1
多此一问,1
复元,1
刮心置腹,1
诡称,1
毫无道理,1
阖,1
讽喻,1
批阅,1
大夫,1
老人,1
拢摆,1
免于,1
截,1
成就,1
盘踞,1
扑击,1
扑卷而来,1
弃械投降,1
出乎意料,1
恩德,1
谈虎变色,1
现状,1
吉,1
又惊又怕,1
索念,1
跳舞,1
无微不致,1
隐怀,1
有底,1
悠,1
洋洋得意,1
攒,1
智取,1
暖,1
虚度,1
不闻不睬,1
高枕无忧,1
难干,1
壮硕,1
横加阻拦,1
哭闹,1
心存,1
淡泊性情,1
窝心,1
规箴,1
贫乏,1
主气,1
亦然,1
忘恩,1
愠恼,1
发一言,1
表露无遗,1
发抖,1
告一段落,1
恍若末闻,1
干呕,1
亚于,1
传扬,1
点点点,1
揄扬,1
静止,1
天大,1
文学,1
恶目相向,1
苫,1
喜受,1
黑,1
鄙恶,1
遏,1
钦仪,1
承欢,1
友谊,1
该,1
二无所知,1
丧命,1
剌激,1
唾,1
冒冒失失,1
公审,1
行军,1
哭道,1
黄金,1
列明,1
扯开,1
晓谕,1
和和气气,1
同工同酬,1
救起,1
比喻,1
蹈火捐躯,1
鲜,1
感慨不已,1
利他,1
停用,1
连声称谢,1
毁坏,1
五之不理,1
奈之,1
拒而远之,1
疯言疯语,1
秘授,1
布满,1
老鬼,1
起头论足,1
心惊,1
亲昵昵,1
搓,1
咬字,1
天,1
驮,1
窘迫,1
柔笑,1
相许,1
冷嘲热诅,1
答言,1
苦候,1
感慨万分,1
喏喏,1
断断,1
曲事忧容,1
一甩了,1
大有微词,1
转身,1
一炮打响,1
时,1
五似牢头,1
勾肩,1
甜蜜,1
脏话连篇,1
打法,1
谈何容易,1
立论,1
减分,1
称颂备至,1
慢待,1
举一反三,1
喷水,1
去芜存真,1
祝说,1
衣原体,1
求解,1
越雷池半步,1
抚爱有加,1
毗牙咧嘴,1
顾恤,1
奔跑,1
大头虾,1
抽考,1
同样,1
引以为意,1
道破,1
匪夷所思,1
盾,1
惆怅,1
非分之想,1
应道,1
怒目冷讽,1
泡,1
去留,1
饰演,1
违拗,1
斗胆,1
忘尘莫及,1
赞美有加,1
诌媚,1
惨笑,1
心狠手,1
逞欲,1
冲淡,1
屏息以待,1
消褪,1
费力,1
无措,1
氾滥,1
迅速,1
暗讽,1
悸动,1
骚乱,1
赏光,1
怨恋,1
敌人,1
迷失,1
优宠,1
封查,1
打住,1
上天,1
打一气,1
征诫,1
劝哄,1
含恨,1
无须,1
前呼后拥献殷勤,1
可望而不可及,1
天翻地覆,1
脑,1
似笑非笑,1
表情,1
吃光,1
无可推举,1
插话,1
大气,1
怀孕,1
怪怨,1
辗,1
一笔带,1
这个,1
一语,1
赧然,1
痴想,1
威服,1
增辉,1
探幽索,1
尊亲,1
凭,1
预约,1
拍片,1
埋头,1
量体裁衣,1
腾,1
驾御,1
好好,1
发音,1
惧畏,1
格格,1
垮,1
歃,1
溯,1
填补,1
隐恶扬善,1
奔走,1
出手阔绰,1
翻手为云,1
虚心,1
欺诈,1
环保,1
赎回,1
因应,1
专业化,1
开垦,1
贻误,1
约,1
增殖,1
供电,1
育妇,1
通行次费,1
投寄,1
谄,1
剩余,1
烧香,1
开盘,1
到职,1
绳之,1
追根刨底,1
扣分,1
无人过问,1
遛,1
责任人,1
入会,1
帮教,1
道义,1
早逝,1
辞退,1
无从下手,1
披阅,1
少闻寡问,1
无条件,1
通俗,1
控驭,1
心灰,1
播,1
怎么着,1
吼喊,1
坏死,1
颗,1
剪贴,1
就,1
无关疼痒,1
乱叫,1
奇袭,1
倾覆,1
视如已出,1
视同亲出,1
平常,1
心灵,1
死缠不放,1
投诚,1
押,1
厌之入骨,1
豪爽,1
眷怜,1
责难备至,1
重唱,1
注望,1
白吃饭,1
冷眼相对,1
从没,1
施暴虐,1
淡笑,1
一声不吭,1
反论,1
不良,1
恩情,1
稀奇,1
吹袭,1
恶言相加,1
威协,1
付托,1
万幸,1
吼鬼,1
抢占,1
编写,1
举足之劳,1
受罪,1
不要紧,1
晃荡,1
平安,1
谈心,1
窃笑,1
虚掩,1
做官,1
一如当初,1
外国人,1
出乎意外,1
侧目而视,1
添补,1
客套话,1
实在,1
下来,1
苛严,1
死路一条,1
颜面,1
味儿,1
进来,1
赶超,1
阻抑,1
前无古人,1
良药苦口,1
寸步不让,1
自称为,1
平等相待,1
百害而无一利,1
天渊之别,1
友情,1
相好,1
合希,1
甜腻腻,1
陌路人,1
呜呜,1
斜视,1
查探,1
循循善诱道,1
换换,1
唯利是图,1
得以,1
传呼,1
棍棒,1
慈悲慈悲,1
柔顺,1
改行,1
啁啾,1
威严,1
难于,1
豪情,1
买房,1
演示,1
细想,1
退役,1
观而不见,1
博识强记,1
蚕食鲸吞,1
关连,1
苦于,1
相映,1
系统工程,1
愚蠢,1
超等,1
登记在册,1
毁弃,1
决策者,1
道貌岸然,1
除奸,1
口若悬河,1
加盟,1
自谋,1
请示,1
框,1
休恤,1
插队,1
王储,1
反戈一击,1
上铐,1
勘测,1
教益,1
盖房,1
增至,1
迷漫,1
处境,1
响彻,1
售后服务,1
倾迟,1
退烧,1
夜啼,1
打情骂俏,1
轻生,1
牵肠挂肚,1
满满,1
按动,1
传染病,1
大动土木,1
浮光,1
疑恐,1
疑谳,1
摁,1
横挑竖拣,1
自控,1
无讳,1
不谙,1
嫁,1
辩别,1
屡禁不止,1
村委会,1
装设,1
残废,1
纪念碑,1
推推,1
诲之不倦,1
诲人不倦,1
循循善导,1
善莫大,1
身传言教,1
考定,1
冲刷,1
寻根,1
代偿,1
喷杀,1
火烧,1
百口莫辩,1
自审,1
超失,1
克扣斤两,1
不正之风,1
如出一辙,1
刷洗,1
研发,1
观潮,1
僵笑,1
不能置信,1
懵然不知,1
趴伏,1
辩畅,1
成务,1
休命,1
塌方,1
失准,1
富裕,1
选定,1
出产,1
发愿,1
发发慈悲,1
密谋,1
杀人不眨,1
报时,1
完美,1
吊膀子,1
难能可贵,1
侈谈,1
冲开,1
算账,1
遵奉,1
摧毁性,1
呆立,1
弥说,1
涣笑,1
抽穗,1
阔绰,1
虐杀,1
兴感,1
赔钱,1
取道,1
危在旦夕,1
为敌,1
进攻战,1
微利,1
代理,1
违纪,1
求医,1
参评,1
写入,1
畅销,1
松开,1
暗喻,1
采收,1
滥,1
猝不及防,1
缺水,1
致盲,1
光滑,1
预装,1
报到,1
锻造,1
动武权,1
玩忽职守,1
失业,1
不见得,1
开拓进取,1
留住,1
传销,1
出境,1
扣缴,1
上路,1
切忌,1
放款,1
闲置,1
誉为,1
可行,1
规章,1
森严,1
哥哥,1
抓捕,1
革除,1
入伍,1
隐善扬恶,1
意图,1
倒闭,1
流入,1
上班,1
到校,1
煞,1
铲除,1
恳请,1
应邀,1
充塞,1
顾借,1
化成,1
置惹罔闻,1
分诊,1
周岁,1
战场,1
须,1
城市,1
选拔,1
柔软,1
企业化,1
睁瞪,1
莞,1
统一论,1
铺张浪费,1
报喜,1
上环,1
抽抽打打,1
办案,1
窥,1
收货,1
校勘,1
标点,1
兑付,1
取经,1
嗥呜,1
临,1
枕,1
阅人,1
集,1
散花道,1
投机,1
唤叫,1
舔舔,1
喂给,1
单位,1
燃放,1
居民,1
剪辑,1
逗留,1
放送,1
摆摊,1
汇算,1
集团,1
晚,1
受灾,1
相候,1
柔化,1
上下客,1
主题,1
落地,1
答腔,1
招录,1
喊杀,1
满心不情愿,1
小于,1
开凿,1
授勋,1
宾至如归,1
发怔,1
置若阉闻,1
熟捻有余,1
去向,1
久违,1
声道,1
苦干,1
毛,1
哄堂大笑,1
感慨万千,1
应诺,1
满腔,1
明争,1
无疑,1
活捉,1
无法置信,1
称法,1
观言察色,1
探研,1
自找死路,1
记忆犹深,1
当机立断,1
娇小,1
索债,1
无党纪国法,1
卧床,1
应和,1
精明,1
擀面杖,1
执掌,1
敬礼备至,1
架,1
内省,1
延误,1
下架,1
挑挑毛病,1
下定语,1
人尽其用,1
接口道,1
忌畏,1
齿冷,1
纯利,1
单方面,1
课以,1
闲言,1
争辩,1
精减,1
疲倦,1
能忍则忍,1
局促,1
饰辩,1
狠毒,1
插科打浑,1
顶住,1
素养,1
征款,1
行进,1
自愿,1
拍桌子,1
如鱼得水,1
以柔克刚,1
如人饮水,1
旁观,1
熟无睹,1
模拟,1
眷惜,1
防汛,1
低效,1
深怀不满,1
炽,1
怪叫,1
加高,1
通事,1
孕,1
自慰,1
英勇,1
降级,1
撰文,1
混合,1
不理不问,1
睡寐,1
宴饮,1
苍,1
难舍难分,1
燔,1
号,1
叫苦连天,1
独处,1
颖,1
扣奖,1
医护,1
言笑,1
立竿见影,1
捺,1
横加斥责,1
出去,1
跨入,1
政策,1
了知,1
卓着,1
呼息,1
讥责,1
通气,1
估值,1
积压,1
悟出,1
索引,1
师,1
迈步,1
理顺,1
盖房户,1
微微,1
无所为,1
喘息,1
族,1
破产,1
关停,1
剥离,1
赊销,1
排场,1
万事,1
花痴,1
定界,1
拜把义兄,1
自立,1
参一脚,1
处身,1
仿佛,1
关顾,1
顿悟,1
忽闪,1
悔恨交加,1
惶惑,1
矢志不移,1
不折不扣,1
括,1
安然过关,1
勇往直前,1
失态,1
钢铁,1
工作队,1
学而不厌,1
懊侮,1
突发奇想,1
吞吐,1
戒急用忍,1
唉声叹气,1
无所顾惜,1
咽,1
轻心,1
缺失,1
敲敲,1
算计,1
瞠眼结舌,1
删改,1
可贵,1
漂泊,1
得逞,1
无话可说,1
施淫威,1
显视若无睹,1
毫不客气,1
耍威风,1
阿弥陀佛,1
求治,1
节省,1
死心眼儿,1
讳匿,1
模糊不清,1
赢家,1
替天行道,1
有所不为,1
直学,1
令谕,1
临危,1
严惩不怠,1
食古不化,1
风度翩翩,1
无愧于,1
赏析,1
始终如一,1
极,1
敬笑,1
初评,1
意思,1
夸示,1
推崇有加,1
响起,1
相击,1
勉慰,1
口出狂言,1
所见所思,1
越,1
振邦,1
对干,1
刊出,1
常规战,1
停牌,1
招考,1
肥大,1
征兵,1
威压,1
蒙蔽,1
遵行,1
粗言秽语,1
故我,1
传道授业,1
保藏,1
赞不绝日,1
立功,1
怒目对视,1
招唤,1
围观,1
稽首,1
回望,1
滥杀,1
节俭,1
而是,1
排遣,1
入市,1
自厌,1
骇,1
阻挡,1
积蓄,1
易容,1
训戒,1
不期而至,1
褒贬莫辨,1
跟前,1
驽驾,1
言听计众,1
做戏,1
趋时附势,1
限行,1
正规,1
并列,1
安葬,1
任免,1
挤眉弄限,1
鸟瞰,1
冷眼以待,1
遭遇战,1
填充,1
阿责,1
同步,1
探信,1
瓦解,1
闭塞,1
捕歼,1
吞噬,1
参选,1
大嚷大闹,1
摆弄,1
甘为,1
放走,1
求同存异,1
不在话下,1
似曾相识,1
记错,1
共鸣,1
走强,1
寻根究底,1
熟悉度,1
美妙,1
侵攻,1
破誓,1
肛交,1
似是而非,1
发车,1
畏手畏脚,1
演习,1
匮乏,1
停靠站,1
风魔,1
赏试,1
营建,1
下狠手,1
信誓,1
避让,1
大有用途,1
收卖,1
哭叫,1
密,1
解疑释惑,1
遮饰,1
迁怒施暴,1
嘱目,1
扼抑,1
跳票,1
奉若圣旨,1
挑媚,1
撤换,1
补养,1
稳,1
受阻,1
号脉,1
偷拍,1
永恒,1
掏钱,1
大叫大,1
不复存在,1
没什幺,1
言出必从,1
魂牵梦萦,1
商,1
喷撒,1
召见,1
学好,1
心腹大患,1
恋恋不合,1
用汇,1
催货,1
虔信,1
起效,1
荡,1
冷彻,1
誓,1
分隔,1
酷刑,1
爱悦,1
托管,1
探秘,1
承认不讳,1
竭心尽力,1
打探,1
祈诵,1
龇牙,1
隐隐作痛,1
形不成,1
禀报道,1
诬谄,1
迎面痛击,1
有用场,1
上岗,1
求购,1
售房,1
空前,1
不要,1
兵器,1
耳提面命道,1
递盘,1
饶舌,1
可用,1
M见钟情,1
湿,1
不同寻常,1
挂失,1
暴发,1
创投,1
大起大落,1
公诉,1
教授,1
克己,1
尽忠尽义,1
光,1
坏笑,1
推诚相与,1
复活,1
撅撅,1
夸奖备至,1
困守,1
不置一语,1
打入,1
请辞,1
无忌说,1
寻欢,1
巡插话,1
仪道,1
渔洋,1
云珠道,1
白送,1
不置一顾,1
黯然神伤,1
吹牛拍马,1
弃耳不闻,1
推许,1
永志不,1
含沙射影,1
谏,1
交头接耳道,1
伏,1
稞,1
占上风,1
轻声道,1
磬,1
恕目而视,1
感怀至深,1
文,1
宪说,1
呶,1
余怒,1
在任,1
百依百从,1
落入,1
感言,1
另眼看待,1
鏖战,1
缩,1
驰援,1
打私,1
谢辞,1
找岔,1
气馁,1
浑然未觉,1
分文不取,1
崇拜相,1
接下去,1
百依万顺,1
哀泣,1
御,1
工,1
认服,1
归结说,1
息怒,1
秀出,1
爱惜备至,1
催促说,1
不厌其烦,1
哀痛,1
直抒胸臆,1
辩认,1
克复,1
仇人,1
闻其名,1
面对面,1
重击,1
竞拍,1
盛怒,1
摀,1
哄笑,1
枢纂,1
守信,1
切入,1
粗心大意,1
出名,1
玩票,1
两肋插刀,1
内禀道,1
浑然不理,1
撤手,1
闹事,1
致词,1
学问,1
运筹帷幄,1
撼动,1
费尽心机,1
平,1
漏掉,1
挑挑眉毛,1
引介,1
暴跳如雷,1
独断专横,1
哑然无言,1
恍若罔闻,1
怔愣,1
感动容,1
语出惊人,1
害羞,1
记忆犹存,1
大怒,1
懒得,1
扫观,1
相应,1
至信至诚,1
依仗,1
情投意合,1
听而不见,1
全无,1
宠疼,1
视而无睹,1
防心,1
怒目视,1
一如以往,1
眉开一笑,1
哀号哭叫,1
轻挑起,1
无话说,1
市长,1
甜美,1
怜借,1
谦敬有礼,1
今非昔北,1
练就,1
逗笑,1
引以为做,1
啼笑皆非,1
昏倒,1
专制,1
大吹大擂,1
怜爱备至,1
视同,1
爱敬,1
恩遇,1
制肘,1
唾手可得,1
拘束,1
伸魂颠倒,1
不平,1
写稿,1
如痴似狂,1
迎接不暇,1
定都,1
僵硬,1
轻车熟路,1
烤,1
自感,1
置之未理,1
扑空,1
贪杯,1
清秀,1
作声,1
汗颜,1
爱不释口,1
异乎寻常,1
追魂,1
矫饰,1
不在意,1
受用,1
定格,1
遗,1
全,1
撼,1
打枪,1
冶游,1
暗笑,1
鄙吝,1
咕哝说,1
引而不发,1
摇红,1
铭心,1
拜把兄弟,1
掴,1
贪欲,1
截然不同,1
绝裂,1
笑子,1
心怀恻隐,1
忧道,1
情断义绝,1
忆恋,1
邀请道,1
璃,1
犯忌,1
特殊化,1
换上,1
大煞风景,1
含睇,1
无可依赖,1
购进,1
才儿道,1
心照不宣,1
沉沉地道,1
一语道,1
搏击,1
挥拳相向,1
谖,1
命道,1
遮瞒,1
贴道,1
怒不可竭,1
突兀,1
想得,1
想得开,1
长达,1
祸音,1
旬道,1
未置一词,1
不胜感激,1
领军人物,1
微愠,1
应接,1
莞尔微笑,1
抽出,1
颤,1
睬映,1
棒如雨下,1
错觉,1
喜出望外,1
心急如火,1
着道,1
咬牙道,1
泰然置之,1
哮哮,1
混混噩噩,1
卑躬,1
惊怕,1
瞩,1
无理,1
性急,1
珍若拱壁,1
实言相告,1
道来,1
怒目圆睁,1
苦思,1
速,1
傲飞,1
客说,1
不依不饶,1
依老卖老,1
亲亲搂搂,1
冒冷汗,1
忆述,1
领到,1
心神不安,1
无可如何,1
无名火,1
瞅瞅,1
惊恐,1
馨道,1
施礼,1
客道,1
赞羡,1
服说,1
用情良苦,1
淡然一笑,1
充耳不听,1
灭口,1
缇说,1
留手,1
申述,1
恶露,1
膺,1
歉然,1
素说,1
拘押,1
逼酒,1
冤,1
温语,1
狼,1
不俗说,1
着称,1
劝喻,1
野,1
恶脸,1
疾吉厉色,1
根怀在心,1
横溢,1
震天,1
惹是招非,1
重赏,1
念诵,1
求得,1
晔,1
克尽忠诚,1
忍无可恶,1
令人钦佩,1
赏脸,1
蒙在鼓里,1
创辟,1
难以置信,1
执有,1
起敬有加,1
唠,1
掌管,1
解惑,1
事过即忘,1
超想,1
喊冤,1
迎战,1
惊赞,1
自谦,1
织,1
敬若上宾,1
发管,1
上山下乡,1
犯迷糊,1
定调,1
催讨,1
隐秘,1
好坏,1
当头,1
简说,1
摇撼,1
霸天道,1
足道,1
曰说,1
掠空,1
提不起,1
一扫而光,1
霸天,1
讲叙,1
密谈,1
奠基,1
怨诉,1
徽笑,1
为所欲,1
一体,1
经说,1
倡言,1
衔之入骨,1
病态,1
细致,1
屠,1
弥道,1
五雷轰顶,1
心有所图,1
烦不胜烦,1
合盘托出,1
恭迎,1
憾恨,1
赔赔,1
开诚公布,1
反面无情,1
书,1
耳熟,1
拆磨,1
召告,1
絮吩咐,1
筹拍,1
启程,1
历历在耳,1
蓄势待发,1
铁路,1
悍然不理,1
无价,1
挟怨,1
辟邪,1
一体化,1
你,1
摇摆不定,1
挑眉毛,1
集资,1
衣带水,1
请益,1
枯萎,1
用情至深,1
连贯,1
抽测,1
赙赠,1
循,1
工业,1
绕开,1
入境,1
号哭,1
调弄,1
索赔案,1
采格,1
痛不欲生,1
默哀,1
闪烁其词,1
拱手称臣,1
拒载,1
申领,1
萦怀神往,1
拒之千里,1
药物,1
捕,1
上诉案,1
先是,1
理发,1
信任投票,1
政变,1
赞声,1
批复,1
劝导,1
定量分析,1
出超额,1
共存,1
左右,1
惴惴不安,1
回升,1
突审,1
暗杀,1
克武,1
碰到,1
探方,1
考古,1
互惠,1
亡羊补牢,1
勤俭节约,1
联动,1
横加暴虐,1
丰富多彩,1
抗法战争,1
夹道迎送,1
坠毁,1
天才,1
怪笑,1
搭建,1
限高,1
耳濡目染,1
扩建,1
姑息纵容,1
定评,1
勾魂,1
外联,1
跟进,1
侵入,1
上诉,1
降落,1
繁琐,1
促动,1
经行,1
原定,1
闭馆,1
吞食,1
踊跃,1
致电,1
改扩建,1
竞选,1
净胜,1
胜绩,1
雄心勃勃,1
下乡,1
交口称道,1
放胆,1
爱搭理,1
投向,1
聘请,1
一毛不拔,1
大喜若狂,1
羞于,1
落网,1
骂骂咧咧,1
懈怠,1
煞费苦心,1
提货,1
翻案,1
议案,1
望闻切问,1
打平,1
分账,1
创收,1
抽丝剥茧,1
非法,1
复函,1
一掷千金,1
侦讯,1
颁授,1
雇人,1
口诛,1
拆分,1
散居,1
吃饭,1
检索,1
组团,1
空运,1
脱手,1
采矿,1
法办,1
减灾,1
过驳,1
兼营,1
添注,1
许建,1
遣使,1
展齿,1
有心无力,1
来路不明,1
未雨绸缪,1
排片,1
使使,1
施仁慈,1
洽购,1
惦慕,1
揸示,1
踌躇不定,1
特批,1
千准万确,1
坚,1
连拖,1
如影相随,1
拋弃,1
发憷,1
生命,1
狗屁,1
紧箍,1
回调,1
题词,1
对价,1
累计,1
劫持,1
力道,1
摹刻,1
屏蔽,1
告传,1
相传,1
寓于,1
现身,1
牵系,1
上任,1
特横,1
招招手,1
姓氏,1
在内,1
雄心壮志,1
训告,1
承受度,1
甩脸子,1
胁,1
执导,1
客观,1
狂叫,1
折损,1
有利可图,1
查评,1
全民公决,1
巧立名目,1
林业,1
走动,1
预收,1
示惠,1
有过之而无不及,1
定等,1
诚挚,1
愚忠,1
略过,1
连用,1
心驰神往,1
贡献者,1
禁食,1
校对,1
以礼相待,1
倦怠,1
尊显重用,1
谢劳,1
冒失,1
舒缩,1
盛称,1
慷慨陈辞,1
监道,1
抵挡,1
逞威作福,1
跺跺,1
铭生,1
致和,1
估评,1
彬有,1
专心致志,1
投弹,1
持守,1
奉还,1
顿首,1
苔,1
喘道,1
洒泪,1
多多,1
异己,1
痛加怒骂,1
敷衍恭敬,1
感戴,1
过节,1
不屈不挠,1
撕皮剔骨,1
进取,1
花招,1
狐假虎威,1
面,1
放而远之,1
仰仗,1
掉泪,1
导说,1
根尽,1
悲恸,1
智能化,1
承办,1
乔迁,1
论坛,1
推推打打,1
送迎,1
任务,1
搬迁,1
验明正身,1
口诛笔伐,1
资费,1
指正,1
拳打,1
称许有加,1
称儿称臣,1
横加侮蔑,1
奔赴,1
例举,1
存档,1
格式化,1
编成,1
备份,1
冷眼相看,1
清运,1
扎根,1
采证,1
拍掌叫好,1
破位,1
兴学,1
扯皮,1
怒目以对,1
以为常,1
鄙夷不理,1
翘翘,1
滚轧,1
碰撞,1
闭锁,1
调出,1
义诊,1
审价,1
先发制人,1
赐赋,1
通存通兑,1
证成,1
激嚷,1
强留,1
憎决,1
紧贴,1
开赏,1
大发其火,1
惊为神人,1
无可匹敌,1
倾轧,1
大放厥辞,1
动歪脑筋,1
整肃,1
忏梅,1
寻仇,1
无计,1
探察,1
讲者,1
犬,1
撒性,1
侵食,1
拦阻,1
忧怨,1
碉,1
清算,1
涌入,1
权宜之计,1
过虑,1
推论,1
握紧,1
敬怠,1
锲而不舍,1
窥门径,1
肃清,1
托腮,1
仰慕之,1
略感,1
颠,1
疯痴,1
恋念,1
掘坟,1
发招,1
无伤大雅,1
虚情,1
论列,1
违逆,1
外泄,1
更进一步,1
照说,1
配售,1
颂赞有加,1
褒赞有加,1
食,1
规,1
送媚,1
太,1
无动无衷,1
扇风点火,1
嘟嘟噜噜,1
注水,1
疑猜,1
盛气凌人,1
滑稽,1
姑息宽容,1
神秘化,1
一无所悉,1
嘲骂,1
求求,1
重犯,1
耕耘,1
沉吟,1
伸展,1
恶口,1
无关痛痒,1
无可取代,1
敬生畏,1
有所指,1
施冷箭,1
赐助,1
至死不渝,1
打动,1
掉以轻,1
浮现,1
夜袭,1
抄报,1
致谢词,1
减磅,1
举述,1
吵吵嚷嚷,1
迫犯,1
宣言,1
柔情,1
贷,1
负债,1
心怀贰意,1
以牙还牙,1
从者,1
慨然言之,1
抛掷,1
健忘,1
控价,1
和言细语道,1
难解难分,1
响往,1
应变,1
留后,1
辩论,1
闲谈,1
要命,1
淘蚀,1
皮不痒肉不痛,1
完工,1
促狭,1
拉后腿,1
慰解,1
怨声,1
爱意,1
邀约,1
酷杀,1
弄权,1
质量,1
追谥,1
亲敬,1
尖,1
入木三分,1
交底,1
敬崇,1
严查,1
无动於衷,1
渡生,1
搭救,1
入骨相思,1
歪歪,1
停顿,1
停身,1
兼备,1
煽风点火,1
教书,1
误用,1
目眩神迷,1
忠孝两全,1
升级换代,1
追认,1
翻动,1
廓清,1
查控,1
不知不,1
祈愿,1
晕厥,1
过眼云烟,1
封行,1
嘘唏,1
过来,1
来看,1
引出,1
致富,1
提擢,1
寻瑕抵隙,1
予取于,1
撒撤娇,1
心存欲念,1
横挑鼻子竖挑脸,1
建树,1
摹描,1
冲沙,1
屈膝卑躬,1
诘问,1
并存,1
赖帐,1
反言相诘,1
描声绘影,1
披盖,1
严慈,1
拆拆装装,1
不遗余力,1
不言而喻,1
健身,1
咋,1
直言无忌,1
量才,1
修造,1
同感,1
嗫嚅,1
必然,1
和悦,1
就难说,1
承载,1
闭幕,1
狂欢,1
视而不闻,1
蔚然成风,1
怨忿,1
瞎三话四,1
放矢,1
吹牛皮,1
满怀好感,1
化释,1
温馨,1
雀跃,1
哀叹,1
鼓劲,1
赞叹有加,1
讥笑怒骂,1
烧杀掠抢,1
大非昔比,1
拉抬,1
交结,1
悲怜,1
控筹,1
恩赐,1
擂,1
封证,1
无与伦比,1
杀价,1
有无,1
复杂化,1
比试,1
慨叹,1
婉惜,1
知微见着,1
笃,1
在场,1
灭顶之灾,1
状,1
饱经风霜,1
飘泊,1
分令,1
排演,1
跟不,1
杯水车薪,1
自当别论,1
步,1
会会,1
烂熟,1
外逃,1
兴建,1
乘坐,1
大器晚成,1
定夺,1
走下坡路,1
婉拒,1
当仁不让,1
沾满,1
圈,1
卫生,1
至诚,1
杂交,1
荒废,1
绝不买账,1
虚与委蛇,1
肺腑之言,1
预判,1
出战,1
名闻贯耳,1
众口,1
无权过问,1
克勤,1
断念,1
布线,1
弱势,1
胆小,1
选址,1
未解之谜,1
寝,1
算命,1
默无一,1
专断,1
提炼,1
老化,1
赴死,1
想当,1
罪有应得,1
行止有礼,1
重印,1
饰,1
开脱,1
包修,1
为何,1
斩掠,1
称夸,1
接拍,1
进献,1
无往下利,1
取证,1
施术,1
没什,1
横加诬蔑,1
批评声,1
背信箭殪,1
明讥暗讽,1
迎来送去,1
怠忽,1
检机,1
偎依,1
查获,1
撤军,1
下定义,1
视而不见不,1
主要,1
挟持,1
龇牙露齿,1
排便,1
置着罔闻,1
称说,1
耳提,1
见仁见智,1
经济,1
说慌言,1
倌将疑,1
臧否,1
胡思乱想,1
放辔,1
承谕,1
缩缩,1
垮台,1
化装,1
睒,1
誉扬,1
爱佩,1
直言无隐,1
撷取,1
拦路,1
凶险,1
一见如故,1
像是,1
施薄惩,1
正在,1
留一手,1
不明其故,1
拥,1
探幽,1
聪悟,1
擒,1
揭晓,1
奴隶制,1
印象深刻,1
玩红脸,1
早已,1
喻之以理,1
率真,1
情真意切,1
纯真,1
毫不置疑,1
怨责,1
若指掌,1
表忠心,1
识抬举,1
击节称赞,1
机会,1
究,1
说假话,1
如痴如狂,1
垂首,1
孝顺有加,1
乘危施袭,1
不容置疑,1
锄,1
砍砍杀杀,1
日久生厌,1
遴选,1
言情,1
包产到户,1
大而化之,1
露面,1
择,1
香,1
指谪,1
服从信,1
预热,1
破破例,1
允婚,1
一诺道文,1
独挑大梁,1
拎,1
一无反应,1
笑脸相向,1
耍阴弄险,1
铸,1
流产,1
排水,1
犯险,1
随心所欲,1
如法炮制,1
绰绰有余,1
举出,1
营业,1
一面倒,1
乘人之危,1
箝制,1
打骂交加,1
定点,1
涌泉,1
劝退,1
小觑,1
夜,1
逗趣,1
亮明,1
戏仿,1
贬抑菲薄,1
怅惜,1
言志,1
忙活,1
牵线,1
关切备至,1
下下,1
管管,1
喻示,1
恨上加恨,1
打自招,1
道长,1
呲牙,1
哺语,1
用处,1
做怪,1
嗟赏,1
拦网,1
产于,1
装运,1
监理,1
鄙夷有加,1
过半,1
排污,1
聚居,1
满腹牢骚,1
自荐,1
告辞,1
欠费,1
通信,1
年轻有为,1
浓缩,1
嘘叫,1
得手,1
下狠劲,1
愀然不乐,1
装鬼脸,1
施以重谢,1
拓建,1
敬慕备至,1
器重有加,1
依恋不,1
打情骂悄,1
谦忌,1
惊为无人,1
叫绝,1
祈福,1
巧取豪夺,1
意断情,1
顺,1
没皮条,1
企业家,1
回抽,1
吃语道,1
要理不理,1
小孩子,1
骜,1
悔过自新,1
严阵相待,1
表记,1
干枯,1
企慕,1
堕落,1
大相径庭,1
胆寒,1
机械,1
压垮,1
欺辱,1
紧跟不,1
相联,1
追纵,1
投环送抱,1
增仓,1
誓志,1
可怜兮兮,1
大仁大义,1
横加指摘,1
挽,1
怨秋,1
软磨硬缠,1
厄运,1
陌,1
溯宁,1
经销,1
痴迷不,1
违约,1
尽仁尽义,1
苛斥重责,1
廉价,1
封顶,1
忘情忘义,1
失管,1
起立,1
姓名,1
裁军,1
硬塞,1
心焦,1
沦落,1
身着,1
开先例,1
无可置评,1
确凿,1
成林,1
陈,1
爱恶,1
骗取,1
没话找话,1
了无顾忌,1
附会,1
尥,1
不置微词,1
诈,1
滔滔不绝,1
沽空,1
算钱,1
毫无头绪,1
任意宰割,1
超标,1
一抓到底,1
学艺,1
规范化,1
警卫,1
施礼问好,1
深渊,1
栽赃嫁祸,1
瞧得起,1
独具特色,1
弹词,1
描,1
炼铁,1
追源探流,1
吃亏,1
褒奖备至,1
寄以重望,1
络绎不绝,1
不严,1
一模一样,1
恶语相讥,1
冶,1
有愧于心,1
心无旁骛,1
交持,1
有口无心,1
失常,1
一无所感,1
无分文,1
预感,1
对立统一,1
撑腰,1
渝,1
侮蔑,1
衬托,1
峻拒,1
亚,1
一知半懂,1
使劲儿,1
义,1
晓说,1
厌嫌,1
返利,1
育儿,1
无情可施,1
报仇雪恨,1
开学,1
桃鼻子竖挑眼,1
一开了之,1
挥毫,1
骇然,1
挞伐有加,1
罗哩罗唆,1
攀比,1
诘难,1
拉动力,1
全然,1
说到做,1
仿如,1
挑斤检两,1
载有,1
操切,1
替补,1
无可标何,1
佳,1
脑羞成怒,1
色情,1
纠谬,1
坦坦白白,1
污损,1
抑压,1
出手相助,1
清热,1
挑三拣四,1
摧伤,1
实心实意,1
好说,1
弃若敝屦,1
含蓄,1
哥们,1
无差,1
摇尾乞伶,1
差遣,1
平生,1
晤,1
礼重,1
有所为,1
鞭答,1
钳制,1
掳掠,1
紧,1
寓含,1
怒其不争,1
呈报,1
热盼,1
俨然,1
亟要,1
嗤之与鼻,1
兴兵,1
攻进,1
憧想,1
翻滚,1
不尽,1
畏惮,1
有所属,1
视而不理,1
上山,1
简述,1
谩穑,1
损辱,1
猴子,1
另,1
视同大敌,1
煎熬,1
拥有息,1
目空一切,1
合意,1
咬咬,1
推断,1
众星捧月,1
分列,1
隐隐,1
肃然,1
分判,1
矿,1
成交,1
训练有素,1
前置,1
颁奖,1
铺设,1
倾谈,1
术,1
问卷调查,1
自办,1
座,1
断供,1
挑漏眼,1
嚣张,1
抗声,1
感召,1
起劲儿,1
枕意诚,1
勖勉有嘉,1
天生,1
真情流露,1
在握,1
屈膝投降,1
管治,1
生产关系,1
抢先,1
噩梦,1
云,1
厮杀,1
提醒道,1
抛送,1
膘,1
求取,1
司法,1
前去,1
敬惧,1
代考,1
扩散,1
认捐,1
培土,1
愈演愈烈,1
各抒己见,1
断送,1
开山,1
雪耻,1
经得住,1
掰,1
迫降,1
流调,1
明誓,1
慕,1
看不开,1
缩头缩脚,1
唱和,1
亟盼,1
觊觑,1
抱愧,1
泯灭,1
敢怒不敢言,1
坚贞不渝,1
异,1
人身,1
预审,1
哽咽,1
只能,1
灭失,1
牵累,1
行礼问安,1
罚金,1
博弈,1
别眼相看,1
老夫实说,1
审美,1
扬名,1
发达,1
转制,1
估断,1
封赠,1
校勘学,1
干谢万谢,1
插入,1
放任不管,1
上书,1
起飞,1
类型,1
熟谙,1
熟记于心,1
诱捕,1
倒行逆施,1
投案,1
好心相劝,1
濒临,1
发力,1
发展中国家,1
流进,1
日臻完善,1
架设,1
打败,1
惹不起,1
艰难,1
造伪,1
五花八门,1
散漫,1
倔,1
预报,1
扬帆,1
拍胸,1
补水,1
表功,1
脉脉传情,1
安营扎寨,1
振振有词,1
打恭作揖,1
摇手,1
日产,1
振振陈词,1
煸,1
包涵,1
斥资,1
盲视,1
哀嚎,1
莫奈何,1
说三说四,1
供述,1
慰恤,1
感恩戴谢,1
捣鬼,1
充盈,1
遐想,1
连系,1
赐称,1
吟哦,1
苍凉,1
选育,1
变调,1
奇异,1
吞蚀,1
勤奋,1
悲悼,1
让路,1
窍,1
丢盔解甲,1
应付自如,1
挤满,1
衷心耿耿,1
浑然不晓,1
殒灭,1
迸发,1
名符其实,1
忿慨,1
受苦,1
颐使,1
个别,1
相伴,1
恶作剧,1
大获全胜,1
哭丧,1
屠戳,1
谗媚,1
激荡,1
悲观失望,1
败坏,1
出山,1
忿激,1
压载,1
挑视,1
咆啸,1
含咏,1
装聋扮哑,1
无可,1
唇枪舌战,1
清描淡写,1
骑射,1
贼心不,1
多方面,1
使泼,1
呆望,1
领涨,1
要紧,1
竖中指,1
密语,1
启奏,1
呈显,1
见惯不,1
喟叹,1
嗟,1
消泄,1
醒,1
无言不,1
惜贷,1
简约,1
沉睡,1
颁赐,1
浩荡,1
优宠有加,1
叮咛细语,1
奚指,1
凑效,1
议和,1
心醉,1
停歇,1
供气,1
奉承阿谀,1
许多,1
出访,1
隔行,1
凑趣,1
征战,1
引人深思,1
劝勉,1
豁达,1
名花有主,1
热捧,1
判法,1
仿真,1
无可限量,1
谨记,1
购货,1
购藏,1
搂按,1
交杂,1
货真价实,1
折价,1
开箱,1
激望,1
偏废,1
抄家,1
告慰,1
颇有微词,1
缔结,1
措,1
归隐,1
火上浇油,1
顺水推舟,1
漫不关心,1
互联,1
威逼利诱,1
可望不可即,1
收编,1
如实,1
改制,1
建党,1
欢欣鼓舞,1
选种,1
下注,1
拳脚,1
潮涌,1
索问,1
遽,1
搬离,1
互动,1
抛售,1
看不入眼,1
追悼,1
谈笑风生,1
社会主义,1
说穿,1
面授,1
行道,1
田间管理,1
教学,1
巡察,1
戒毒,1
压积,1
棋逢对手,1
向望,1
通邮,1
判罪,1
赚取,1
创设,1
杵,1
亲子,1
乐得,1
炙烤,1
沉沦,1
扯淡,1
废物,1
人性化,1
停下,1
手术,1
关了之,1
粲然朗笑,1
不告,1
指指画画,1
扭头,1
枯坐,1
奏书,1
迎峰度夏,1
扣帐,1
重新,1
用药,1
拒领,1
选房,1
冰,1
拆解,1
起到,1
横加干扰,1
大喜,1
触手可及,1
有误,1
敞,1
引渡,1
参战,1
择班,1
溶,1
溶解,1
犹疑,1
克道,1
踏访,1
节使,1
亲如家人,1
轻漫,1
洗涤,1
浮来,1
缝制,1
主道,1
摆开,1
转送,1
戕害,1
付费,1
引以为羞,1
讨伐声,1
侵挠,1
投鼠忌器,1
起劲,1
战斗队,1
捞取,1
诬毁,1
投桃报李,1
初犯,1
效,1
夸下海口,1
靶,1
也,1
去话,1
谦称,1
狼吞虎咽,1
依白顺,1
申,1
淡然置之,1
省吃俭用,1
忍俊不禁,1
趣致,1
耍耍威风,1
狂轰乱炸,1
失实,1
来之不拒,1
奔波,1
泥足,1
沉痛,1
摒,1
冒溃,1
患重如山,1
心急如焚,1
技术,1
经商,1
理性认识,1
稍安,1
习得,1
揭开,1
更名,1
眼看,1
绑扎,1
温柔有加,1
滚瓜烂热,1
免不了,1
面无表情,1
收赃,1
留置,1
介怀,1
忠顺,1
口出不敬,1
倾慕有加,1
忠言相谏,1
施以毒手,1
横施暴虐,1
透过,1
放狠话,1
撒娇放赖,1
轻抚,1
锥,1
想来,1
易体,1
浸染,1
过电,1
匐伏,1
栽倒,1
恨心,1
深得其妙,1
冷冷漠漠,1
发炮,1
明言相告,1
抖落,1
袒,1
盗用,1
任性,1
三呼万岁,1
三思,1
放逐,1
摺,1
畅通无阻,1
恭之敬之,1
感兴,1
作威作福,1
哀,1
趋之,1
扫盲,1
排班,1
狂怒,1
报案,1
摹写,1
烛照,1
承销,1
酬谢,1
割爱,1
倾赖,1
蔓延,1
合唱,1
无怨无尤,1
绵延,1
冒渎,1
凝瞬,1
鄙睨,1
乏味,1
明察,1
跃,1
扬眉笑问,1
防窃,1
处治,1
阔,1
痴迷不悟,1
哈腰陪笑,1
献花,1
挠头,1
有功者,1
苦战状,1
降格,1
讥评,1
穷源溯流,1
大费周章,1
合身,1
解药,1
补种,1
订购,1
炮制,1
瞥视,1
施策,1
正式,1
掉轻心,1
除此以外,1
殷勤备,1
粗制滥造,1
通汇,1
鼓噪,1
体面,1
助残,1
唯唯诺诺,1
走掉,1
强作,1
护卫,1
茍同,1
敷衍应酬,1
大意不得,1
浅尝辄止,1
达观,1
呆坐,1
屏除,1
朴实,1
推祟,1
购物,1
菲薄待遇,1
易如反掌,1
叫苦不迭,1
牵头,1
名叫,1
不亚于,1
推脱,1
一片诚心,1
难舍难离,1
来势汹汹,1
主仆,1
借助于,1
糊里糊涂,1
矫枉过正,1
欠妥,1
绞,1
生吃,1
摸头挠痒,1
大感,1
历久而弥新,1
字字珠玑,1
回响,1
渴切,1
铺,1
斥叱,1
莫名,1
调情,1
延宕,1
上佳,1
闭合,1
褒贬,1
宰,1
泰然自若,1
摆明,1
拿主意,1
深造,1
散齿,1
不能不在乎,1
推理,1
油灯,1
若有若,1
怜香惜玉,1
心悦口服,1
引爆,1
相惜,1
颐气,1
呼三喝四,1
呕心沥血,1
切中要害,1
调理,1
出来,1
送达,1
机读,1
异口同声,1
捉着迷藏,1
加宽,1
猜凝,1
浅,1
永诀,1
越矩,1
不无关系,1
牵牵念念,1
供汇,1
自恋,1
打躬行礼,1
家教,1
释疑,1
痛悔莫及,1
较劲,1
运筹,1
可惜,1
横行,1
嫌厌,1
薄,1
发慈悲,1
无动于中,1
吓吓,1
配图,1
一对一,1
孤单,1
皴,1
怯畏,1
拉拉,1
积弱,1
一家子,1
如常,1
吟赞,1
拦蓄,1
献血,1
铆,1
贯有,1
阴险,1
心怀慈悲,1
毫不容赦,1
深谋远虑,1
敬若,1
惮,1
痛诉,1
饶有兴味,1
攻城略地,1
外行人,1
蒙骗,1
展升,1
施打,1
失于,1
各得其所,1
云道,1
无置可否,1
弹唱,1
跪倒,1
旧识,1
狮吼,1
调养,1
排拒绝,1
请退,1
流恋,1
挑毛病,1
力行,1
由敬生畏,1
仰赖,1
妒羡交加,1
衣,1
破涕为笑,1
摸透,1
依念,1
牵线搭桥,1
好看,1
通报道,1
俟,1
侧目面视,1
妍,1
义愤填鹰,1
停伐,1
勉为其难,1
孤注一掷,1
钻营,1
亲力亲为,1
黑棋,1
威力,1
打回票,1
死缠耍赖,1
英雄,1
丧声歪气,1
欢迎不暇,1
杀头,1
撒手,1
上纲上线,1
受宠若惊,1
痛击,1
来犯,1
引见,1
喊打喊杀,1
评骘,1
伪装,1
散射,1
挚切,1
逢迎谄媚,1
知足,1
玩火,1
心怡,1
熏染,1
嬉皮,1
让言,1
复训,1
抚琴,1
宰割,1
藐,1
播送,1
攀升,1
获利,1
得不偿失,1
轧,1
性扰,1
软声请求,1
谨小慎微,1
扯扯,1
嗔骂,1
撤离,1
排堵,1
攻讦,1
自尊,1
推选,1
奢侈品,1
呷意,1
来意,1
存不轨,1
添增,1
装装,1
趋之若矛鹜,1
魅笑,1
上锁,1
飘气球站,1
伏伏贴贴,1
幢憬,1
限级,1
承保,1
补涨,1
滋扰,1
立帐,1
办到,1
胡言乱语,1
趋之若鹅,1
舌战,1
监说,1
敬若神明,1
该死,1
作罢,1
席卷,1
众见纷纭,1
正中下怀,1
遗赠,1
如上,1
挺起,1
做梦,1
放羊,1
销魂,1
及时雨,1
心悦,1
炸叽叽,1
再见锺情,1
撂,1
出谋献计,1
不卑不亢,1
嘟嘟嚷嚷,1
嘘气,1
百益而无一害,1
流动,1
识拔,1
叛变,1
兴灾乐祸,1
满断,1
拒婚,1
逛荡,1
奔窜,1
冲入,1
哆嗦,1
只见,1
反激,1
拥吻,1
怒目相瞪,1
害多利少,1
心怀叵测,1
大开口,1
预订,1
冷眼相待,1
闪亮,1
弃恶向,1
好处,1
臭骂,1
强暴,1
下血毒,1
勇敢,1
嗥哮,1
节衣缩食,1
折射,1
寓,1
事不关己,1
归位,1
仆,1
嘱托,1
夺权,1
探触,1
拍马,1
莞尔笑,1
电击,1
奔放不羁,1
避嫌,1
来真,1
博爱,1
口是心非,1
鞭打,1
吮吮,1
苦难,1
抽烟,1
淡然,1
青昧,1
捂住,1
起义,1
点名,1
到此为止,1
羡爱,1
卑屈,1
切中,1
射精,1
制药,1
回传,1
抱抱,1
应答如流,1
高张,1
通情达理,1
一刀两断,1
回想,1
啸寒问暖,1
抵死不从,1
消息,1
称职,1
有名,1
爱搭不爱理,1
念道,1
面红耳斥,1
死尽忠心,1
急于,1
肉体,1
吼吼叫叫,1
撒气,1
肉欲,1
一生,1
着着,1
归类,1
冥顽不灵,1
气指颐使,1
前嫌尽释,1
喝大,1
想方设法,1
阴,1
没得说,1
拘,1
自律,1
剩下来,1
单刀直入,1
单挑,1
忌视,1
杞人忧天,1
倒戈,1
推涌,1
装不在乎,1
揭穿,1
碍手碍脚,1
屈就,1
喝五吆六,1
包藏,1
严刻,1
面无惧色,1
喜讯,1
铁面无情,1
呼名道姓,1
作呕,1
引以为友,1
大动其火,1
敬敬,1
帖,1
耐烦心,1
专业,1
冰言冰语,1
猥亵,1
不理不,1
挡架,1
来路,1
名不符实,1
请罪,1
从宽,1
折辱,1
高瞻远瞩,1
过目即,1
混顺,1
点说,1
心惊胆裂,1
冷眼相视,1
流连,1
挺身,1
悬念,1
效力,1
毫不足道,1
绝口不谈,1
整饬,1
谦冲,1
通用,1
摒除,1
用辞,1
执迷,1
弃权,1
击棗,1
挑肥,1
一见,1
喷茶,1
毁评,1
禁欲,1
生说,1
呦,1
干吗,1
托绝,1
传功,1
放宽松,1
咬耳朵,1
还愿,1
黏,1
另类,1
此时此刻,1
没的说,1
背信食言,1
踌躇不前,1
法律,1
卑鄙,1
严明,1
下命令,1
守时,1
忠贞不,1
东张西望,1
平视,1
扑叫,1
默不作声,1
抹黑,1
同仇敌,1
闹情绪,1
消遣,1
灵敏,1
天空,1
人侵,1
送送,1
减肥,1
强悍,1
下雨,1
强取豪夺,1
照拂有加,1
以不为然,1
放停,1
大海,1
解约,1
取用,1
跳脱,1
受聘,1
细声细语,1
心有余而力不足,1
受力,1
各尽其职,1
打折,1
划片,1
上诉说,1
七嘴八舌,1
餐,1
体悟,1
紧皱,1
泄忿,1
投契,1
乘风,1
屈膝唯命是从,1
冷眼相向,1
充入,1
决定性,1
紊乱,1
阴笑,1
回用,1
辞云,1
辅助,1
愚弄,1
疏慢,1
下谕,1
相提并论,1
百里挑一,1
求贤若渴,1
数易,1
立传,1
心里还,1
含混,1
丧生,1
杖,1
啰唆,1
三缄其,1
扯葫芦,1
摸捏,1
胜诉,1
半理不理,1
顶真,1
毫无疑心,1
爱理不睬,1
置若阐闻,1
军舰,1
统揽,1
阻遏,1
惊怖,1
师囊道,1
咳,1
摇尾乞怜,1
思厚,1
敷,1
知心,1
问讯,1
驾定,1
精干,1
督谢,1
向来,1
理直气壮,1
截流,1
不拘一格,1
驭说,1
摄,1
诊,1
题诗,1
死缠栏打,1
主刀,1
敲打,1
演唱,1
排布,1
傲视,1
抢修,1
诉辩,1
控辩式,1
羁押,1
人造,1
不容忽视,1
惊喜万分,1
触发,1
冥想,1
隐伏,1
于世无补,1
暴起,1
生火,1
仗义,1
断然决绝,1
纠结,1
至始至终,1
咬耳,1
痴缠不,1
大公无私,1
梦绕魂牵,1
疗伤,1
回府,1
毫无所动,1
谋私,1
务,1
刮目相待,1
听其言,1
赞称,1
愤,1
精准,1
激切,1
粲然一笑,1
解压缩,1
诉冤,1
弄影,1
搭腔,1
时兴,1
安息,1
搞定,1
施拜,1
发晕,1
e见钟情,1
耳目一新,1
厌慑,1
灭绝,1
托辞,1
犯下,1
拔苗助长,1
蒙然,1
成精,1
掠取,1
贡说,1
情深意长,1
狗道主义,1
天地,1
性,1
自学,1
开开玩笑,1
三言两语,1
日感,1
喜形于色,1
误传,1
婚嫁,1
洗刷,1
有褒有贬,1
家喻户晓,1
摇首摆尾,1
结识,1
喋喋不休,1
毁誉参半,1
怨谤,1
予取予夺,1
脱开,1
勉力,1
般配,1
年老体弱,1
过客,1
累赘,1
应得,1
辩道,1
不闻不同,1
苦缠,1
剖开,1
镀,1
置之不问,1
助跌,1
画画,1
调味,1
陈诉,1
惊吓,1
计费,1
刻字,1
提名,1
构造,1
悔改,1
起爆,1
来不及,1
处理不慎,1
笑靥如花,1
畏意,1
进屋,1
说慌,1
薰,1
背信弃义,1
有可奈何,1
排异,1
无所留恋,1
毫发无伤,1
窥测,1
骚叨,1
出乎,1
多元化,1
不堪忍受,1
华夏,1
褒贬参半,1
半真半假,1
死心塌了,1
余下,1
坦诚相言,1
补光,1
纵火,1
痒,1
查账,1
照本宣科,1
记忆如新,1
毫不相干,1
性吸引力,1
援用,1
言出必践,1
碍眼,1
情有别钟,1
眷,1
拘谨,1
真心相爱,1
看不睬,1
更加,1
承让,1
非札,1
象话,1
离职,1
郁闷,1
劫杀,1
卑,1
揖拜,1
加贴,1
屠宰场,1
止损,1
发酵,1
有始有终,1
辞,1
说亲,1
无从下口,1
讥诮,1
狂猛,1
评报,1
归依,1
组建,1
解密,1
侵权,1
顾念,1
行之有效,1
恩深义重,1
击杀,1
嗜,1
整勘,1
摆阔,1
密嘱,1
中伤,1
祭祀,1
喘,1
磨蹭,1
勤勉,1
回天乏力,1
张牙舞牙,1
阴谋诡计,1
捣蛋,1
择取,1
谆谆教悔,1
垂涎日久,1
矢言,1
朗笑,1
冷冷淡淡,1
不胜,1
讹诈,1
持平,1
升赏,1
停贷,1
不甚在乎,1
置於,1
预见,1
得益,1
挈然置之,1
涂改,1
上刑,1
刊载,1
自筹,1
抵达,1
叨絮不休,1
振举,1
修葺,1
普照,1
恤敬,1
百依百,1
矜怜,1
困难重重,1
淬,1
新课,1
轮,1
无底,1
开腔,1
褪,1
剖腹,1
献唱,1
眺望,1
搔,1
火化,1
夭折,1
后发制人,1
自动,1
盗,1
轻藐,1
落空,1
耗费,1
怨声连连,1
久看不,1
辉煌,1
打转,1
挥之不去,1
不得要领,1
赞叹不,1
了然如,1
低下,1
压恶,1
不怀二心,1
扩阔,1
单一,1
入学,1
持就,1
满盈,1
心仪已久,1
抬高,1
纷扰,1
宽阔,1
恼怒有加,1
众口一词,1
盎然,1
位列,1
间断,1
紧抓不懈,1
配送,1
贴现值,1
骄纵,1
慑伏,1
结仇,1
暝目,1
慷概,1
啮,1
明若观火,1
乐不可支,1
抽税,1
佯攻,1
接吻,1
封印,1
莫衷一是,1
只言,1
捧杀,1
回赠,1
背逆,1
截取,1
嫉视,1
失调,1
受挫,1
赠款,1
掀开,1
出狱,1
复诊,1
警醒,1
施壓,1
联接,1
一百,1
动名,1
众口不择言,1
察言观色,1
觑觎,1
跃进,1
匹比,1
联带,1
一去不返,1
分摊,1
讶,1
角力,1
欲言还止,1
脱口,1
确切,1
缩水,1
解付,1
争吵,1
性命,1
陪同,1
寒笑,1
究责,1
看走眼,1
去芜存精,1
波动,1
买盘,1
普调,1
忠忱,1
委派,1
遮挡,1
相符,1
逗弄,1
连连,1
愤烦,1
别有,1
偏宠,1
嗑喷,1
乞怜,1
坐月子,1
单恋,1
一个,1
略进,1
爱面子,1
稀罕,1
名誉,1
中立,1
担待,1
询示,1
露齿笑笑,1
咎,1
拚斗,1
叽咕,1
付息,1
闻闻,1
敞启,1
打躬作揖,1
感恩载德,1
隐而不见,1
丑陋,1
待搭不理,1
恻,1
爬行,1
纳币,1
轻拿,1
圣旨,1
听闻,1
戚,1
门庭若市,1
松动,1
慈祥,1
施与,1
弃绝,1
矢口否定,1
通读,1
依葫芦画瓢,1
恩尽义绝,1
扰动,1
产业化,1
知之,1
视如己出,1
不吝,1
揪心,1
恸不欲生,1
易筋洗髓,1
安心,1
一往深情,1
补给,1
可观,1
易于,1
恶评,1
情同手足,1
不足为奇,1
咬音,1
梦寐以求,1
夹持,1
勾勾指,1
捻,1
埋单,1
扩张,1
耍笑,1
感恩图报,1
出奇,1
款侍,1
扩充,1
姑息放任,1
奇差无比,1
不理下睬,1
死心肝,1
教教,1
尊荣宠爱,1
投辙,1
得过且过,1
下苦功,1
久闻大名,1
一百依百顺,1
课业,1
吟松,1
冷笑以,1
组办,1
拔刀相向,1
撤撤,1
来源于,1
尊以为师,1
不辞而别,1
感触良深,1
享,1
挑拨,1
触目,1
贴心,1
露齿微笑,1
问心有愧,1
拒发,1
猎取,1
宽怀,1
惊恐万状,1
功莫大,1
作伪,1
气唬唬,1
超然物外,1
难以身受,1
威震天下,1
死相,1
可取,1
言传身教,1
相随,1
见诸,1
爱怨,1
垂涎欲滴,1
千篇一律,1
冷嘲,1
坦述,1
敞通无阻,1
哼唱,1
白热化,1
健在,1
交缠,1
瞒住,1
遣词,1
无忌,1
向前,1
会谈,1
以为然,1
存心致知,1
关怀备致,1
侥,1
安插,1
熟透,1
驻留,1
试射,1
迷爱,1
置之不管,1
针砭,1
一无所有,1
人道主义,1
生病,1
垂诞,1
料定,1
一溃千里,1
证言,1
嗤之以鼻道,1
贡,1
干劲,1
合计,1
考释,1
传闻,1
慌恐,1
死难,1
费神,1
绮罗,1
照抄,1
称意,1
顺眼,1
诉究,1
团聚,1
傲气凌人,1
听课,1
奋不顾身,1
体察入微,1
垂涎三尺,1
只字未说,1
洗手,1
委婉,1
明嘲暗讽,1
权威,1
物尽其用,1
宁缺勿滥,1
札赞,1
指定,1
推算,1
不信,1
交好,1
笃定,1
毫不经心,1
大发神威,1
咕,1
于心不忍,1
定睛,1
融合,1
了不起,1
充弥,1
随遇而安,1
目中无人,1
猎,1
眯眯,1
抒情,1
斥喝,1
赞叹不止,1
幸运,1
持别,1
问寒问暖,1
诧,1
炫惑,1
生理,1
匡扶,1
惜话如金,1
苦笑笑,1
有偿还,1
决口不,1
恳嘱,1
无所挂虑,1
引申,1
挟挟,1
圆睁,1
称心,1
旷课,1
礼贤下士,1
嬉皮笑险,1
皮笑,1
嚷叫,1
似笑,1
一板一眼,1
浑厚,1
知照,1
伸头,1
泛动,1
禁制,1
置若恫闻,1
赞口不绝,1
超心,1
一泻而,1
执迷不悔,1
务求,1
投其所好,1
悄俏,1
掂量,1
故意,1
公而忘私,1
蛮不在乎,1
心焦如焚,1
知底,1
引以为荣,1
地,1
安分,1
忿忿不满,1
自鸣得意,1
翻供,1
失策,1
捏一把汗,1
有动于衷,1
千思,1
圆滑,1
结缘,1
倒头,1
寄与,1
乍,1
鄙恨,1
批批,1
湮没,1
牵动,1
夺得,1
狂迷,1
履约,1
粪便学,1
越过,1
招供,1
无牵无恋,1
讶愕,1
狂轰烂炸,1
厮磨,1
督教,1
嗜爱成癖,1
倾力,1
窥伺,1
情深意切,1
禅益匪浅,1
未知,1
斜倚,1
闷,1
释溢,1
抓痒,1
忍忍让让,1
爱理不搭,1
刻毒,1
曲意奉承,1
恨铁不成钢,1
敬道,1
畏慎,1
冽,1
转转,1
罪魁祸首,1
奉说,1
摆布,1
吞口,1
下屑,1
恋栈,1
收藏,1
举动,1
掉头,1
思缅,1
冷哼,1
深不,1
恶语相加,1
卷进,1
天经地义,1
摇曳,1
沉静,1
眯眼,1
跨,1
临头,1
服输,1
推托,1
图谋不轨,1
干屈,1
敢说,1
摸摸头,1
斩草除根,1
劳苦功高,1
并举,1
装孙子,1
能力,1
亵慢,1
片面,1
产出,1
奴隶,1
坦诚以待,1
谙熟,1
叮咬,1
罢工,1
先斩后奏,1
感性,1
振奋,1
闭口未谈,1
编号,1
知冷,1
不道德,1
俐落,1
敬相爱,1
佯笑,1
美满,1
运动,1
撤走,1
望洋兴叹,1
刮目相侍,1
育苗,1
一般化,1
拼斗,1
标号,1
呆视,1
谢谢,1
慈爱有加,1
茫然无知,1
循例不究,1
不言而明,1
色诱,1
叨絮,1
出言不敬,1
感爱,1
拒之门外,1
广闻博识,1
改说,1
逸出,1
抻,1
贴切,1
护,1
答允,1
性致勃勃,1
懵然无知,1
呢喃爱语,1
不杀不快,1
半路出家,1
使阴耍诈,1
打恭,1
揉,1
念念不放,1
算帐,1
束手待毙,1
缓刑,1
晕红,1
必死无疑,1
无以复加,1
喂食,1
尽尽,1
瞟瞟,1
喷叨,1
自居,1
帮帮忙,1
欢悦,1
占优势,1
理论,1
找补,1
言喻,1
一诉衷肠,1
勃然大怒,1
发奋,1
揣度,1
最高,1
下狠心,1
见笑,1
幽怨,1
牵涉,1
爱之如命,1
通婚,1
暴戾,1
冷漠以待,1
王,1
狗屁不通,1
倾爱,1
幽灵,1
治判,1
报警,1
寂然无声,1
财产,1
新鲜物,1
依驯,1
一无裨益,1
求偶,1
浑,1
自动化,1
苦战,1
探询,1
清新,1
调转,1
统称,1
鉴证,1
嘘气鼓浪,1
不知餍足,1
形式化,1
消逝,1
领先,1
挑三拣回,1
竖直,1
裂说,1
呕,1
亲情,1
击倒,1
杀父之仇,1
从命,1
宾客,1
开门见山,1
踌躇不安,1
笑眯眯,1
升华,1
虔,1
掘弃,1
敬爱备至,1
等同,1
约法五章,1
厥,1
摆功,1
卸装,1
畅叙,1
相逢恨晚,1
永远,1
飞奔,1
异想天开,1
低级,1
瞠目惊呆,1
爱爱,1
登台,1
忠恳,1
婉言谢绝,1
环绕,1
尽心尽意,1
歉意,1
实心眼,1
煞心无情,1
伸直,1
于心不安,1
空虚,1
无道,1
艰巨,1
乐见其成,1
出人意料,1
恙,1
忍俊不止,1
铁,1
计画,1
听任,1
柔和,1
喷发,1
知无不言、言无不尽,1
娇媚,1
冷面相待,1
遮拦,1
伪,1
播弄,1
慷慨布施,1
急切,1
应接不暇,1
过耳不忘,1
共舞,1
游刃有余,1
盲信,1
刹,1
倒苦水,1
唱叹,1
热望,1
屈居,1
自怜自艾,1
腻歪,1
开明,1
不动,1
欺虐,1
念念有辞,1
感兴趣,1
装哑巴,1
撒手不理,1
入微,1
磨牙切齿,1
收手,1
至亲,1
吟啸,1
张弓,1
横眉冷对,1
叮以,1
缺点,1
勃然动怒,1
顾盼生情,1
不符,1
担优,1
爱恨情仇,1
羞涩,1
下达哀,1
焦灼,1
好心,1
问三不知,1
潜伏,1
整容,1
毒恨,1
刮风,1
呵痒,1
灼烤,1
发窘,1
广结善缘,1
失之,1
吊儿当,1
哭闹不休,1
和蔼有加,1
沾染,1
寻根刨底,1
怯懦,1
急躁,1
矜夸,1
股,1
辱没,1
央特说,1
甜甜蜜蜜,1
温柔以待,1
心心相通,1
吐诉,1
咛嘱,1
恐嚇,1
和盘托,1
默祷,1
装怒,1
委曲求全,1
使泼耍赖,1
缺课,1
猜惧,1
敬视,1
恨怒怨怼,1
冥思,1
商说,1
慷慨解爱,1
谈情说爱,1
若有似无,1
嚎哭大闹,1
宠爱备至,1
情深意浓,1
操笑,1
送行,1
心折,1
无义,1
冷血,1
清纯,1
低斥,1
讥嘲,1
突围,1
噘,1
施小惠,1
外,1
偷褩,1
怒眼,1
疏受说,1
耳提命面,1
相陪,1
绣,1
参劾,1
身受,1
强抢豪夺,1
提法,1
穿着,1
查讯,1
刊,1
劫夺,1
坦诚相见,1
带头,1
把握度,1
张大,1
懵懵懂懂,1
惶惶,1
扼腕,1
宠誉,1
微调,1
堆积,1
笑嚷,1
收审,1
诬说,1
积怨,1
切磋,1
校检,1
备课,1
普查,1
碾压,1
定向增发,1
浇水,1
攀亲带故,1
期,1
缺损,1
减员,1
抄录,1
叫化道,1
垦,1
就读,1
庸俗化,1
捕杀,1
加装,1
看防,1
拍案而起,1
呈示,1
埋葬,1
毁灭,1
舍弃,1
授意,1
查漏,1
抱拥,1
联,1
签字,1
仰面而视,1
驳回,1
欺陵,1
挣钱,1
下行,1
行权,1
比如,1
刮目,1
尊恭敬,1
贯,1
选举,1
耍花招,1
多如牛毛,1
散步,1
实,1
嗥鸣,1
埋伏,1
紧接,1
情深若,1
进袭,1
敬戴,1
飘飘荡荡,1
析,1
抄,1
有违,1
调皮,1
指谥画脚,1
留存,1
通告,1
感恩惜福,1
抬头挺胸,1
减小,1
羞侮,1
披,1
验放,1
大度,1
扰,1
相去甚远,1
屈膝乞和,1
置词,1
趋之若,1
结果,1
生死存亡,1
表视,1
赴汤蹈火,1
嗜好,1
出院,1
声,1
擢,1
青,1
无心无意,1
无所适从,1
报纸,1
归咎,1
置罔闻,1
勃发,1
抱愧之,1
姊妹情,1
译诗,1
怨忽,1
执黑,1
流亡,1
亲人,1
甩掉,1
思忆,1
唾手而,1
错怪,1
矫揉做作,1
考滤,1
夹夹,1
娇养,1
识货,1
苦练,1
没辄,1
借口,1
彻头彻尾,1
研习,1
顿生,1
识字,1
艺术,1
堕入,1
一掠而过,1
旁敲侧击,1
出於,1
意乱情迷,1
说真,1
爱清,1
慨,1
举手投降,1
居心叵测,1
一心一德,1
交账,1
味,1
情尽义至,1
情真,1
形同嚼蜡,1
老老实实,1
还魂乏术,1
守身如玉,1
怨怪,1
不解风情,1
打搅,1
来气,1
无处不在,1
坦坦荡荡,1
祟爱,1
撞撮,1
昂首挺胸,1
至死方休,1
兴缺缺缺,1
物质化,1
唯物论,1
颠三倒四,1
爱之若命,1
没话可说,1
敢怒,1
有苦难言,1
如饥似渴,1
一如往故,1
坚信不渝,1
流下,1
冷眼相观,1
特批判,1
贪婪无厌,1
惹麻烦,1
钦佩之,1
矛盾,1
不惑,1
疚,1
心平气和,1
致上,1
矫揉造作,1
琅说,1
不像话,1
脑袋,1
指盼,1
亳无,1
毫无置疑,1
有名无姓,1
谋,1
友,1
略微,1
望看,1
留职,1
性感,1
惑,1
忧伤,1
追记,1
行奸使诈,1
聊聊,1
骚动,1
厚遇善待,1
坦,1
负欠,1
衷,1
下死手,1
产生欲,1
支吾其辞,1
一笑而过,1
品头品足,1
相遇,1
浸透,1
品手道足,1
勒索,1
陈旧,1
口不择言,1
发烧,1
色,1
挥洒,1
细讲,1
施施,1
阿谀奉承,1
别无选择,1
油然起敬,1
拂逆,1
相等,1
可望不及,1
测距,1
伏击,1
脱帽,1
藏私,1
深具信心,1
梦魂萦绕,1
回转,1
触,1
坦诚相向,1
应有尽有,1
怀思,1
绝缘,1
争气,1
刨,1
肆,1
放血,1
甘,1
专营,1
有所欲求,1
俱,1
絮絮,1
先礼后兵,1
气誓,1
大刀阔斧,1
表里不一,1
惨遭,1
提档,1
践行,1
整体,1
感激之,1
排放量,1
漠然视,1
轻重,1
困惑不解,1
忍痛割爱,1
积极性,1
浮躁,1
善加,1
攀援,1
统摄,1
赶快,1
等量齐观,1
生事,1
兜圈子,1
壮大,1
传帮带,1
演奏,1
万念俱灰,1
祭告,1
省略,1
舍本逐末,1
取食,1
应取,1
偏听,1
读不,1
眼中钉,1
检控,1
大喝,1
延,1
军事化,1
限产,1
静谈,1
称颂之至,1
谑,1
自卑,1
忘思负义,1
念念不已,1
一无办法,1
满怀思念,1
推知,1
明查,1
煞星恶煞,1
朗育,1
问心心无愧,1
泥足深陷,1
食指大动,1
八易其稿,1
效法,1
拖拉,1
别,1
可耻,1
岁,1
查根究底,1
忠爱,1
苦涩,1
补赎,1
较真儿,1
坦诚相告,1
施思,1
拆穿,1
唱道,1
打通,1
哈罗,1
去信,1
作主,1
打比方,1
目送,1
容纵,1
百依百原,1
优容,1
误判,1
廓然,1
遥望,1
构思,1
囚禁,1
侮辱有加,1
鞭笞,1
久闻盛名,1
动情愫,1
洞察秋毫,1
奏乐,1
犯病,1
柔情似,1
撕开,1
榨,1
乾瞪眼,1
白搭,1
耿耿在怀,1
视若己出,1
忠忠心心,1
摆放,1
无用武之地,1
说证,1
还乡,1
抵消,1
无关重要,1
呲牙咧嘴,1
一如,1
初学者,1
萌萌,1
坠落,1
狙杀,1
本末倒置,1
技能,1
阐示,1
能源,1
何许人,1
宽松,1
聚焦,1
评击,1
关心备至,1
倾囊授,1
惠施仁爱,1
烦气,1
绝迹,1
请教,1
惜言如金,1
生生世世,1
往来,1
赐教,1
悬悬,1
凝思,1
锺情,1
不屑一,1
皇上,1
不明就里,1
巧妙,1
尽兴,1
得悉,1
齐,1
自恃,1
划界,1
进场,1
粉刷,1
无从谈起,1
适时,1
犯疑,1
劈头就骂,1
加税,1
放火,1
豪华,1
领养,1
邃密,1
骤变,1
顾恋,1
草木皆兵,1
轻若无物,1
舍近求远,1
补办,1
从属,1
起用,1
卸,1
渲泄,1
兴风作浪,1
诚心相待,1
重整,1
矜持,1
呵爱,1
附耳细语,1
周密,1
火葬,1
虚设,1
扶难济危,1
搞鬼,1
cut,1
买账,1
舒懒,1
热嘲冷讽,1
临别,1
挑刺,1
评断,1
汹涌,1
执拙,1
娓娓私语,1
千古不变,1
崛起,1
理性化,1
持币,1
明查暗访,1
红肿,1
捡查,1
听信,1
胡诌,1
哭笑不得,1
卜算,1
屌,1
敬礼有加,1
施治,1
外显,1
打呼,1
闲,1
挣,1
真心相许,1
细究,1
火恼,1
成年,1
气怒不平,1
骇异,1
调虎离,1
藏而不露,1
扑攻,1
混杂,1
欣悦,1
耿耿,1
倾叙,1
服兵役,1
明文禁止,1
阅处,1
奸通,1
危,1
咧开,1
传令,1
众所周知,1
抉择,1
供职,1
送别,1
絮语,1
上级,1
愤愤然,1
春收,1
漆,1
遮蔽,1
割断,1
减租薄费,1
惨死,1
援粮,1
平凡无奇,1
搞道,1
周全,1
争妍,1
信而不,1
多嘴,1
筹划,1
括削,1
倾心尽力,1
加温,1
行路,1
粘着,1
避退三舍,1
疏导,1
对吵,1
邪,1
无数,1
排序,1
断罪,1
吐气,1
生育,1
一见倾情,1
变脸,1
进食,1
相视,1
放言,1
久长,1
闪现,1
例,1
弃用,1
耀眼,1
催生,1
转叙,1
退货,1
追根寻源,1
三令五申,1
喂养,1
囤积居奇,1
套用,1
冷嘲热飒,1
恩爱有加,1
心心念念,1
照扶,1
集训,1
拍卖,1
部属,1
建档立制,1
从简,1
过渡,1
主办,1
泄密,1
登报,1
木头,1
拒之,1
惜念,1
和平,1
尽忠不贰,1
好声,1
自决,1
巴不得,1
追回,1
赞赏备至,1
莫名所以,1
倾折,1
久别,1
纵横议论,1
研练,1
咒诅,1
负气,1
分割,1
统购包销,1
超常,1
卓有,1
叛,1
断裂,1
禀持,1
耍刺儿,1
兴趋,1
推举,1
执裁,1
担挂,1
呆住,1
开解,1
开打,1
怨烈,1
放蛊,1
归返,1
寄发,1
杀灭,1
可视通话,1
隐身,1
宽宏,1
沉缅,1
搔扰,1
旧情,1
吭气,1
导视,1
揪心裂肺,1
出力,1
别离,1
捐资,1
加护,1
煞费脑筋,1
爱欲情狂,1
研益,1
欲求不满,1
辩护,1
论长论短,1
罗哩罗嗦,1
追探,1
违宪,1
引以为鉴,1
可见,1
描容,1
低徊,1
感请,1
起来,1
密不可分,1
不暇,1
按劳取酬,1
毕,1
嚷骂,1
得心应手,1
应征,1
挥掌,1
捶拳,1
表忠,1
付之一哂,1
叨念不休,1
过秤,1
击掌,1
渡过,1
牟取,1
聆听,1
洋溢,1
了无生趣,1
知之甚少,1
思想解放,1
惊佩,1
自由,1
脾,1
享用,1
高大,1
打杀,1
柳暗花明,1
定级,1
高深,1
枯死,1
嘱,1
许愿说,1
畅饮,1
记功,1
卑躬屈节,1
紧追不,1
群起而,1
憎厌,1
盗掘,1
凛然生畏,1
斩尽杀绝,1
越行,1
趋附,1
立法者,1
丰收,1
短,1
夹杂,1
舍异取同,1
咄咄进迫,1
爱惜如命,1
审订,1
白痴,1
压低,1
迭,1
调律,1
溢美,1
酸痛,1
染色,1
事业,1
扔弃,1
灵丹妙药,1
佝,1
扑面,1
延烧,1
梗梗,1
装有,1
变相,1
无由,1
伤感,1
冒充,1
易其稿,1
宽忍,1
谱,1
炽望,1
跨越,1
出门在外,1
哄哄骗骗,1
开场,1
哺育,1
本,1
清关,1
到场,1
忤悔,1
左,1
只顾,1
优遇,1
特赦,1
保外就医,1
朝向,1
联产计酬,1
禁不住,1
授戒,1
招商,1
私有化,1
同性恋,1
武装力量,1
佐证,1
尊褒,1
入帮,1
稽起,1
私吞,1
扬威,1
怨愦,1
赐录,1
禁忌,1
钟宠,1
坐以论道,1
感喟,1
置诸,1
俯首屈膝,1
暴跌,1
爱慕备至,1
叹赏,1
赏誉有加,1
沓,1
省思,1
离别,1
撮合,1
逆占,1
参予,1
天仙下凡,1
在押,1
遁逃,1
违法乱纪,1
傲不驯,1
旅行,1
视同手足,1
虑,1
实力,1
浮想连翩,1
紧迫,1
不可估量,1
身历其境,1
敬若父母,1
看高,1
处变不惊,1
假想,1
发号师令,1
不无微词,1
茶思饭想,1
漏判,1
摩诃,1
恩人,1
订婚,1
背判,1
未知数,1
尽职尽忠,1
事无巨细,1
满腹,1
痛快,1
骄宠,1
抹煞,1
全能,1
记住,1
统觉,1
称心如意,1
冻,1
推移,1
概,1
直接,1
分歧,1
散化,1
倾听,1
谆谆开导,1
城堡,1
云说,1
轻语,1
多疑,1
投工,1
责备有加,1
林林总总,1
饶有兴趣,1
天方夜谭,1
充加,1
娇嗔,1
首府,1
点火,1
满怀忠心,1
幽默,1
毁损,1
哀叫,1
适才,1
泉涌,1
礼貌有加,1
撒泼,1
防蛀,1
拂,1
穷相,1
围捕,1
慰灵,1
托底,1
恶形恶状,1
祈望,1
嗜食如命,1
捧赏,1
献殷懃,1
登机,1
推想,1
掏心置腹,1
事实,1
纯粹,1
擦洗,1
凶残,1
冲淘,1
松口,1
标称,1
一无定见,1
参透,1
疏浚,1
无误,1
拷,1
眸,1
煽,1
灭,1
雕刻,1
小便,1
细问,1
绕道,1
劝戒,1
拔高,1
回信,1
净,1
冷却,1
闻过则怒,1
大畏,1
增税,1
调解,1
限速,1
奉承有加,1
扣留,1
大作,1
没规没矩,1
讥嘲有加,1
揣摸不,1
刷牙,1
宴请,1
嗅嗅,1
询,1
喝吆声,1
扣扣摸摸,1
嘻笑嘻笑,1
撒撒,1
禁行,1
批转,1
狠狠,1
死纠活缠,1
当道,1
扬道,1
漠道,1
旋道,1
养殖,1
键入,1
赊,1
张牙舞爪,1
运气,1
匝测,1
拍打,1
嗟咨,1
吼喝,1
献殷,1
肆无忌惮,1
同族,1
借力,1
混蛋,1
入行,1
诟骂,1
自投罗网,1
云淡风轻,1
平均,1
调停,1
低头哈腰,1
劝服,1
东挑西拣,1
传情,1
顺风,1
赔笑脸,1
蠢笨,1
准假,1
亲爱,1
咬耳根子,1
博,1
絮聒不休,1
跳动,1
佳果,1
诘,1
根治,1
歼灭,1
和亲,1
涤,1
半信关疑,1
消去,1
讥消,1
抗死,1
挤鼻子,1
年轻,1
清创,1
演变,1
牵恋,1
宠用,1
对峙,1
虚情假义,1
使劲,1
责任,1
识途老马,1
质证,1
哄骗,1
生分,1
斡旋,1
疏奏,1
铭刻,1
无所求,1
涉入,1
击破,1
贩,1
无病呻吟,1
怒目横视,1
鲜少,1
奴颜奉承,1
超强化,1
徒劳,1
椎心,1
投奔,1
漠然不顾,1
严辞以,1
赎,1
改版,1
定型,1
敲榨,1
评析,1
驰骋,1
敲鼓,1
濒于,1
毫无把握,1
偷猎,1
诃,1
轮奸,1
攻防,1
参战国,1
是非,1
套现,1
宣教,1
精雕细刻,1
传导,1
测速,1
漏水,1
不以为非,1
长嗥,1
对等,1
浇注,1
过手,1
毁多于誉,1
启蒙,1
提说,1
徵求,1
满口称赞,1
图,1
实心,1
情同此心,1
不得已,1
较量,1
缔,1
受得了,1
端端,1
合藉,1
闻风丧胆,1
办班,1
查勘,1
敦,1
攀谈,1
冤枉,1
供血,1
印刷,1
吼嚷,1
拉高,1
角逐,1
损耗,1
直认不讳,1
发晢,1
有百利而无一害,1
加试,1
敏悟,1
干叮万嘱,1
轻松,1
自白,1
迫在眉睫,1
致命伤,1
启益,1
冷言冷语,1
看破,1
九牛一毛,1
寻访,1
关护,1
表承,1
裁夺,1
荣誉,1
事关重要,1
放流,1
开言,1
馀悸犹存,1
快活,1
故乡,1
效率,1
情有所钟,1
哑口无言,1
音乐,1
纯,1
娇宠备至,1
有失,1
选出,1
救命,1
各取所需,1
刺耳,1
联结,1
含糊不清,1
作价,1
开化开化,1
捷足先登,1
不用,1
效仿,1
耗用,1
卷款,1
反串,1
为辅,1
狠斗,1
重逢,1
有情若无意,1
随传随到,1
皈依,1
抱以,1
神奇,1
冲激,1
反讽,1
留下来,1
枯燥,1
搅,1
专意,1
非同小可,1
有感,1
贝,1
钥道,1
贻赠,1
浑成一体,1
专用,1
行刑,1
民主,1
了却,1
吟咏,1
目露,1
钻探,1
流现,1
警诫,1
惊暴,1
脱身,1
才,1
言表,1
铸造,1
可悲,1
艰苦,1
精心,1
发还,1
宽仁,1
炼制,1
挑引,1
毫不经意,1
预估,1
示忠,1
私,1
隔空喊话,1
神秘,1
首先,1
白纸,1
颂扬备至,1
引以为乐,1
拍掌,1
记叙,1
沉淀,1
良师,1
内容,1
顺手牵羊,1
说不过去,1
平安无事,1
保险,1
抗辨,1
玷污,1
纵情,1
需要量,1
信服心,1
推诚布公,1
传言,1
用武,1
启衅,1
出奇制胜,1
猴急,1
中,1
战火,1
窥见,1
侦伺,1
笑话,1
恰如其份,1
开思,1
恣,1
百试百灵,1
呆笑,1
回护,1
莫明其妙,1
假设,1
行成,1
避邪,1
稀松平常,1
冒读,1
来来去去,1
刺眼,1
轻言软语,1
畏难,1
悲剧性,1
无聊,1
测探,1
情深义长,1
泰誓,1
姊弟,1
缠恋,1
直航,1
嫉恶如仇,1
摒弃,1
敞张,1
皇帝,1
高谈阔论,1
评头论,1
虎视,1
打算盘,1
善良,1
目击,1
游移,1
拜礼,1
停息,1
漫无止境,1
泛泛而谈,1
勃然发怒,1
击落,1
求真,1
军援,1
进谗,1
吠叫,1
续雇,1
发予,1
劝返,1
誓言,1
放柔,1
拚命,1
巧,1
横眉直竖,1
溢,1
翻阅,1
视而见,1
焚余,1
比比划划,1
未得一,1
搂抱抱,1
不敬之词,1
试飞,1
微有薄德,1
洒脱,1
居心不良,1
望眼欲穿,1
事关重大,1
闭目塞听,1
胡作妄为,1
磕拜,1
穷根究底,1
一吐为快,1
求诊,1
有知,1
融会贯通,1
舒愁,1
刻骨锥心,1
弃之如敝履,1
说开,1
言语不逊,1
龇,1
托附,1
指天誓日,1
清场,1
满口,1
性骚扰,1
标榜,1
植入,1
矢誓,1
措置,1
拨给,1
劝谏,1
感戴极深,1
不瞅,1
犹有余悸,1
讨论不休,1
始料,1
轰笑,1
痛上加痛,1
捉摸不定,1
玩赏,1
解聘,1
谬许,1
预支,1
畏敬,1
号泣,1
扳回,1
负罪,1
奉若上宾,1
埋藏,1
辣手摧花,1
出气,1
念如指掌,1
尽忠尽力,1
空洞,1
杀伐,1
乖巧,1
叹羡,1
虚构,1
挥别,1
摹仿,1
贵重,1
名贵,1
刮目而视,1
承托,1
揭秘,1
言不由衷,1
意昧,1
呼来喝去,1
斩首,1
交替,1
涵盖,1
臆造,1
深谙,1
着录,1